LatS,LatE,LongS,LongE,SegSize,SegProp,CumuStart,CumuEnd
39.12421111,39.1324718,-123.7180349,-123.7197674,0.930623848,0.752877,0,0.930623848
39.1324718,39.13894413,-123.7197674,-123.7278323,1.000897863,0,0.930623848,1.931521711
39.13894413,39.14631518,-123.7278323,-123.7345707,1.004727153,0.224226011,1.931521711,2.936248864
39.14631518,39.15529267,-123.7345707,-123.7358052,1.003911968,0.501009868,2.936248864,3.940160832
39.15529267,39.16377645,-123.7358052,-123.7397876,1.003900679,0.356218464,3.940160832,4.944061511
39.16377645,39.17110177,-123.7397876,-123.7465968,1.004024204,0.093751299,4.944061511,5.948085716
39.17110177,39.17868943,-123.7465968,-123.7528296,1.000250735,0.197209889,5.948085716,6.94833645
39.17868943,39.18700323,-123.7528296,-123.7575811,1.01110512,1,6.94833645,7.95944157
39.18700323,39.19367974,-123.7575811,-123.7658099,1.026682134,1,7.95944157,8.986123704
39.19367974,39.20211537,-123.7658099,-123.7698975,1.001953644,0.216041881,8.986123704,9.988077348
39.20211537,39.21046939,-123.7698975,-123.774754,1.018822194,0.193979924,9.988077348,11.00689954
39.21046939,39.21913557,-123.774754,-123.7716171,1.000814414,0.418804116,11.00689954,12.00771396
39.21913557,39.22795889,-123.7716171,-123.7693309,1.00067918,0.3241877,12.00771396,13.00839314
39.22795889,39.2322768,-123.7693309,-123.7795209,1.000437567,0.176193854,13.00839314,14.0088307
39.2322768,39.24093621,-123.7795209,-123.7761619,1.005402152,0,14.0088307,15.01423286
39.24093621,39.2489588,-123.7761619,-123.7814551,1.00178323,0,15.01423286,16.01601609
39.2489588,39.2580584,-123.7814551,-123.7831032,1.02173246,0,16.01601609,17.03774855
39.2580584,39.26601483,-123.7831032,-123.7886148,1.003931975,0,17.03774855,18.04168052
39.26601483,39.27180154,-123.7886148,-123.7975575,1.00333161,0.44247068,18.04168052,19.04501213
39.27180154,39.27945965,-123.7975575,-123.8038435,1.008908143,0,19.04501213,20.05392027
39.27945965,39.28847129,-123.8038435,-123.8032164,1.003501209,0,20.05392027,21.05742148
39.28847129,39.29595266,-123.8032164,-123.7966801,1.004213619,0.315120606,21.05742148,22.0616351
39.29595266,39.30158266,-123.7966801,-123.8057744,1.002149966,0.503866625,22.0616351,23.06378507
39.30158266,39.3101026,-123.8057744,-123.8096847,1.005340924,0,23.06378507,24.06912599
39.3101026,39.31554196,-123.8096847,-123.8003874,1.002792561,0.36118233,24.06912599,25.07191855
39.31554196,39.3233715,-123.8003874,-123.8061111,1.000191634,0.068324706,25.07191855,26.07211019
39.3233715,39.33099001,-123.8061111,-123.8124151,1.00581214,0,26.07211019,27.07792233
39.33099001,39.33940849,-123.8124151,-123.8165525,1.001442549,0,27.07792233,28.07936488
39.33940849,39.34557716,-123.8165525,-123.8250391,1.00155202,0,28.07936488,29.0809169
39.34557716,39.35419868,-123.8250391,-123.8212583,1.012293093,0,29.0809169,30.09320999
39.35419868,39.3630728,-123.8212583,-123.8191089,1.00390971,0.247045993,30.09320999,31.0971197
39.3630728,39.3715763,-123.8191089,-123.8230283,1.003782508,0.080276595,31.0971197,32.10090221
39.3715763,39.38052004,-123.8230283,-123.8217172,1.000862947,0.482667956,32.10090221,33.10176516
39.38052004,39.38919405,-123.8217172,-123.8185846,1.00137522,0.316225969,33.10176516,34.10314038
39.38919405,39.39901277,-123.8185846,-123.8192212,1.09316212,0.29369304,34.10314038,35.1963025
39.39901277,39.40800163,-123.8192212,-123.8188285,1.000084767,0,35.1963025,36.19638726
39.40800163,39.4161841,-123.8188285,-123.8136894,1.011310266,0,36.19638726,37.20769753
39.4161841,39.42432823,-123.8136894,-123.8186743,1.0017173,0.149610682,37.20769753,38.20941483
39.42432823,39.43063058,-123.8186743,-123.8103045,1.003939058,0.253469877,38.20941483,39.21335389
39.43063058,39.43626742,-123.8103045,-123.8194087,1.002111447,0.016753428,39.21335389,40.21546533
39.43626742,39.44500057,-123.8194087,-123.8166047,1.000491546,0.166220328,40.21546533,41.21595688
39.44500057,39.45365658,-123.8166047,-123.8133344,1.002625737,0.004521846,41.21595688,42.21858262
39.45365658,39.46201861,-123.8133344,-123.8090075,1.001275172,0.805347703,42.21858262,43.21985779
39.46201861,39.47165972,-123.8090075,-123.8059817,1.103061007,0.491470962,43.21985779,44.3229188
39.47165972,39.48094254,-123.8059817,-123.803644,1.051522407,0.928566924,44.3229188,45.3744412
39.48094254,39.4899018,-123.803644,-123.8025871,1.000344502,0,45.3744412,46.3747857
39.4899018,39.49543301,-123.8025871,-123.7933573,1.002769751,0.772701664,46.3747857,47.37755546
39.49543301,39.50376925,-123.7933573,-123.7877356,1.044936382,1,47.37755546,48.42249184
39.50376925,39.51262494,-123.7877356,-123.7827315,1.074220703,1,48.42249184,49.49671254
39.51262494,39.52126901,-123.7827315,-123.778832,1.017719325,1,49.49671254,50.51443186
39.52126901,39.53316826,-123.778832,-123.7737377,1.393409976,1,50.51443186,51.90784184
39.53316826,39.54209084,-123.7737377,-123.7707757,1.024144114,1,51.90784184,52.93198595
39.54209084,39.55176854,-123.7707757,-123.768472,1.094090401,1,52.93198595,54.02607635
39.55176854,39.56351736,-123.768472,-123.7675105,1.3090066,0.733252342,54.02607635,55.33508295
39.56351736,39.57151963,-123.7675105,-123.77289,1.002197872,0.593397636,55.33508295,56.33728083
39.57151963,39.57978242,-123.77289,-123.7775004,1.000147281,0,56.33728083,57.33742811
39.57978242,39.58830705,-123.7775004,-123.7812186,1.000016337,0,57.33742811,58.33744444
39.58830705,39.59615097,-123.7812186,-123.7869451,1.000760263,0,58.33744444,59.33820471
39.59615097,39.60514874,-123.7869451,-123.7870201,1.000526615,0,59.33820471,60.33873132
39.60514874,39.61359292,-123.7870201,-123.7829488,1.001632839,0.735757376,60.33873132,61.34036416
39.61359292,39.6226321,-123.7829488,-123.7828061,1.005184454,0.957433417,61.34036416,62.34554862
39.6226321,39.63144142,-123.7828061,-123.7851554,1.000001871,0.619755347,62.34554862,63.34555049
39.63144142,39.64091171,-123.7851554,-123.7854569,1.053364635,0.621038016,63.34555049,64.39891512
39.64091171,39.64998249,-123.7854569,-123.7852866,1.008731024,0.89838271,64.39891512,65.40764615
39.64998249,39.65983382,-123.7852866,-123.7860822,1.097532541,1,65.40764615,66.50517869
39.65983382,39.66768655,-123.7860822,-123.7921903,1.017751759,1,66.50517869,67.52293044
39.66768655,39.67699913,-123.7921903,-123.7914979,1.03720531,1,67.52293044,68.56013575
39.67699913,39.68603906,-123.7914979,-123.7932032,1.015732186,1,68.56013575,69.57586794
39.68603906,39.69410513,-123.7932032,-123.798666,1.011399951,0.718878117,69.57586794,70.58726789
39.69410513,39.70208076,-123.798666,-123.8040821,1.000612214,0.233786991,70.58726789,71.58788011
39.70208076,39.71048356,-123.8040821,-123.8082734,1.000779193,0.943268585,71.58788011,72.5886593
39.71048356,39.71536464,-123.8082734,-123.8185725,1.034735029,1,72.5886593,73.62339433
39.71536464,39.72124406,-123.8185725,-123.8278268,1.026602374,1,73.62339433,74.6499967
39.72124406,39.73036306,-123.8278268,-123.8316547,1.065522519,0.163588914,74.6499967,75.71551922
39.73036306,39.73937148,-123.8316547,-123.8314494,1.001844414,0.410989842,75.71551922,76.71736364
39.73937148,39.74809937,-123.8314494,-123.8342815,1.000249829,0.741420266,76.71736364,77.71761347
39.74809937,39.75678379,-123.8342815,-123.8390002,1.046533562,0.310661154,77.71761347,78.76414703
39.75678379,39.76571381,-123.8390002,-123.8372917,1.00365519,0.613719217,78.76414703,79.76780222
39.76571381,39.77473917,-123.8372917,-123.8371528,1.003644571,0.975200641,79.76780222,80.77144679
39.77473917,39.78490035,-123.8371528,-123.8379133,1.131738449,1,80.77144679,81.90318524
39.78490035,39.79460644,-123.8379133,-123.8392205,1.085032438,0.92844351,81.90318524,82.98821768
39.79460644,39.80468143,-123.8392205,-123.8432468,1.171903219,0.868637654,82.98821768,84.16012089
39.80468143,39.81351969,-123.8432468,-123.8455756,1.002699185,0.787633327,84.16012089,85.16282008
39.81351969,39.82286112,-123.8455756,-123.8478843,1.057269076,0.512039035,85.16282008,86.22008916
39.82286112,39.83373976,-123.8478843,-123.8529944,1.285952542,1,86.22008916,87.5060417
39.83373976,39.83806203,-123.8529944,-123.8640202,1.057019039,1,87.5060417,88.56306074
39.83806203,39.84289926,-123.8640202,-123.8745096,1.04468087,1,88.56306074,89.60774161
39.84289926,39.84838962,-123.8745096,-123.8857698,1.138782925,0.881654677,89.60774161,90.74652453
39.84838962,39.85478627,-123.8857698,-123.8940379,1.002038325,0.506666344,90.74652453,91.74856286
39.85478627,39.85954129,-123.8940379,-123.9042097,1.016563182,0.528867987,91.74856286,92.76512604
39.85954129,39.86750844,-123.9042097,-123.9097135,1.002744782,0.5918332,92.76512604,93.76787082
39.86750844,39.87547451,-123.9097135,-123.9152134,1.002460828,0,93.76787082,94.77033165
39.87547451,39.88425191,-123.9152134,-123.9180238,1.005031155,0.414028123,94.77033165,95.7753628
39.88425191,39.89265098,-123.9180238,-123.9222556,1.001295393,0.487377948,95.7753628,96.7766582
39.89265098,39.90114089,-123.9222556,-123.9261265,1.000122616,1,96.7766582,97.77678081
39.90114089,39.90967276,-123.9261265,-123.9299156,1.002244059,1,97.77678081,98.77902487
39.90967276,39.91422953,-123.9299156,-123.940058,1.002521638,0.834338413,98.77902487,99.78154651
39.91422953,39.91978027,-123.940058,-123.9496084,1.021936527,0,99.78154651,100.803483
39.91978027,39.92724005,-123.9496084,-123.9577188,1.079994437,0.306650744,100.803483,101.8834775
39.92724005,39.93629581,-123.9577188,-123.9615236,1.057925367,1,101.8834775,102.9414028
39.93629581,39.94458455,-123.9615236,-123.9680518,1.076671014,0.368034722,102.9414028,104.0180739
39.94458455,39.95295218,-123.9680518,-123.97452,1.081540066,0,104.0180739,105.0996139
39.95295218,39.96162145,-123.97452,-123.9791274,1.040901953,0,105.0996139,106.1405159
39.96162145,39.96893317,-123.9791274,-123.9884826,1.138711072,0,106.1405159,107.2792269
39.96893317,39.97487417,-123.9884826,-123.9973123,1.001273331,0,107.2792269,108.2805003
39.97487417,39.98242534,-123.9973123,-124.0037137,1.001260486,0.396462049,108.2805003,109.2817608
39.98242534,39.98926716,-124.0037137,-124.0119651,1.035854773,1,109.2817608,110.3176155
39.98926716,39.99762757,-124.0119651,-124.0189993,1.106030268,1,110.3176155,111.4236458
39.99762757,40.0044622,-124.0189993,-124.0274039,1.044064812,1,111.4236458,112.4677106
40.0044622,40.01334654,-124.0274039,-124.0358794,1.223518697,1,112.4677106,113.6912293
40.01334654,40.01988393,-124.0358794,-124.046257,1.144308711,1,113.6912293,114.835538
40.01988393,40.02465709,-124.046257,-124.0563566,1.010592865,1,114.835538,115.8461309
40.02465709,40.021753,-124.0563566,-124.0675052,1.002739767,0.650429649,115.8461309,116.8488707
40.021753,40.02755975,-124.0675052,-124.0765194,1.0030187,0,116.8488707,117.8518894
40.02755975,40.03653597,-124.0765194,-124.0782406,1.008810615,0,117.8518894,118.8607
40.03653597,40.04547291,-124.0782406,-124.0799754,1.004654971,0.747640283,118.8607,119.8653549
40.04547291,40.05508678,-124.0799754,-124.079417,1.07006992,1,119.8653549,120.9354249
40.05508678,40.06724833,-124.079417,-124.0806033,1.356065629,1,120.9354249,122.2914905
40.06724833,40.07586111,-124.0806033,-124.0855667,1.046687214,1,122.2914905,123.3381777
40.07586111,40.08346894,-124.0855667,-124.0929618,1.054280657,1,123.3381777,124.3924584
40.08346894,40.09479688,-124.0929618,-124.1036247,1.552228836,1,124.3924584,125.9446872
40.09479688,40.10396655,-124.1036247,-124.1105579,1.177871862,1,125.9446872,127.1225591
40.10396655,40.10847656,-124.1105579,-124.1213001,1.042192066,1,127.1225591,128.1647511
40.10847656,40.11440848,-124.1213001,-124.1350397,1.341751397,1,128.1647511,129.5065025
40.11440848,40.11766487,-124.1350397,-124.1463479,1.027510269,1,129.5065025,130.5340128
40.11766487,40.12136187,-124.1463479,-124.1574629,1.030651027,1,130.5340128,131.5646638
40.12136187,40.12420912,-124.1574629,-124.1689727,1.028577261,1,131.5646638,132.5932411
40.12420912,40.12920738,-124.1689727,-124.1798294,1.077471209,1,132.5932411,133.6707123
40.12920738,40.13446489,-124.1798294,-124.1906152,1.087466543,1,133.6707123,134.7581788
40.13446489,40.14326178,-124.1906152,-124.1979454,1.15977727,1,134.7581788,135.9179561
40.14326178,40.15102236,-124.1979454,-124.2049804,1.04986039,1,135.9179561,136.9678165
40.15102236,40.15820214,-124.2049804,-124.2129191,1.045261594,1,136.9678165,138.0130781
40.15820214,40.16613089,-124.2129191,-124.2233489,1.250125575,1,138.0130781,139.2632037
40.16613089,40.17273421,-124.2233489,-124.2318085,1.027524154,1,139.2632037,140.2907278
40.17273421,40.17986645,-124.2318085,-124.2472663,1.534171931,1,140.2907278,141.8248997
40.17986645,40.18421849,-124.2472663,-124.2577418,1.01299062,1,141.8248997,142.8378904
40.18421849,40.19224512,-124.2577418,-124.2678202,1.2367349,1,142.8378904,144.0746253
40.19224512,40.19896047,-124.2678202,-124.2776623,1.120886185,1,144.0746253,145.1955115
40.19896047,40.20351098,-124.2776623,-124.2893863,1.116897647,1,145.1955115,146.3124091
40.20351098,40.21033163,-124.2893863,-124.2976998,1.036163647,1,146.3124091,147.3485727
40.21033163,40.21644915,-124.2976998,-124.306693,1.022675987,1,147.3485727,148.3712487
40.21644915,40.22317614,-124.306693,-124.3150767,1.032574304,1,148.3712487,149.403823
40.22317614,40.23028541,-124.3150767,-124.3234315,1.062080372,1,149.403823,150.4659034
40.23028541,40.23967428,-124.3234315,-124.3312954,1.239164623,0.869969772,150.4659034,151.705068
40.23967428,40.24397161,-124.3312954,-124.342699,1.079438578,1,151.705068,152.7845066
40.24397161,40.25053627,-124.342699,-124.3525157,1.107696084,1,152.7845066,153.8922027
40.25053627,40.2594185,-124.3525157,-124.3621568,1.282515352,1,153.8922027,155.174718
40.2594185,40.26873105,-124.3621568,-124.3622365,1.035529731,1,155.174718,156.2102478
40.26873105,40.27809937,-124.3622365,-124.3625312,1.042009784,1,156.2102478,157.2522576
40.27809937,40.28758966,-124.3625312,-124.3593993,1.088199489,1,157.2522576,158.340457
40.28758966,40.29679345,-124.3593993,-124.355241,1.082480769,1,158.340457,159.4229378
40.29679345,40.3069388,-124.355241,-124.3523757,1.153983477,1,159.4229378,160.5769213
40.3069388,40.31677873,-124.3523757,-124.3484214,1.144368324,1,160.5769213,161.7212896
40.31677873,40.32574386,-124.3484214,-124.3519081,1.039778275,1,161.7212896,162.7610679
40.32574386,40.33440386,-124.3519081,-124.3570813,1.058093996,1,162.7610679,163.8191619
40.33440386,40.34228415,-124.3570813,-124.3628454,1.00324194,0.453676748,163.8191619,164.8224038
40.34228415,40.35126234,-124.3628454,-124.3637181,1.001064489,0.70886561,164.8224038,165.8234683
40.35126234,40.36087428,-124.3637181,-124.3641268,1.069359457,1,165.8234683,166.8928278
40.36087428,40.36995196,-124.3641268,-124.3651911,1.013410904,1,166.8928278,167.9062387
40.36995196,40.37966546,-124.3651911,-124.3672746,1.094418304,1,167.9062387,169.000657
40.37966546,40.38948236,-124.3672746,-124.3720359,1.163699605,1,169.000657,170.1643566
40.38948236,40.39738904,-124.3720359,-124.3784431,1.033144669,0.670122585,170.1643566,171.1975013
40.39738904,40.40399238,-124.3784431,-124.387041,1.034023312,1,171.1975013,172.2315246
40.40399238,40.41151135,-124.387041,-124.3935222,1.000073718,0.89452797,172.2315246,173.2315983
40.41151135,40.42027244,-124.3935222,-124.4012045,1.171339346,1,173.2315983,174.4029376
40.42027244,40.42925197,-124.4012045,-124.4028079,1.007661509,1,174.4029376,175.4105991
40.42925197,40.43776752,-124.4028079,-124.4093389,1.096417856,1,175.4105991,176.507017
40.43776752,40.44656944,-124.4093389,-124.406673,1.004393837,1,176.507017,177.5114108
40.44656944,40.45533023,-124.406673,-124.401074,1.083247753,1,177.5114108,178.5946586
40.45533023,40.46420974,-124.401074,-124.395441,1.096354547,1,178.5946586,179.6910131
40.46420974,40.47340586,-124.395441,-124.3916087,1.07271987,1,179.6910131,180.763733
40.47340586,40.48522125,-124.3916087,-124.3871211,1.367541579,1,180.763733,182.1312746
40.48522125,40.49418315,-124.3871211,-124.3836414,1.039057448,1,182.1312746,183.170332
40.49418315,40.50312859,-124.3836414,-124.386869,1.031446661,1,183.170332,184.2017787
40.50312859,40.51226159,-124.386869,-124.3846524,1.032689355,1,184.2017787,185.234468
40.51226159,40.5207142,-124.3846524,-124.3802209,1.011789987,1,185.234468,186.246258
40.5207142,40.52891939,-124.3802209,-124.3740378,1.051451804,0.901352224,186.246258,187.2977098
40.52891939,40.53752736,-124.3740378,-124.3684118,1.068747264,0.734897259,187.2977098,188.3664571
40.53752736,40.54960936,-124.3684118,-124.3618989,1.451805099,1,188.3664571,189.8182622
40.54960936,40.56014195,-124.3618989,-124.3566883,1.251169982,1,189.8182622,191.0694322
40.56014195,40.57374342,-124.3566883,-124.3505678,1.598336534,1,191.0694322,192.6677687
40.57374342,40.58768004,-124.3505678,-124.3440949,1.64326832,1,192.6677687,194.311037
40.58768004,40.59756518,-124.3440949,-124.3385588,1.194446422,1,194.311037,195.5054835
40.59756518,40.60942181,-124.3385588,-124.3327523,1.406578492,1,195.5054835,196.912062
40.60942181,40.62105016,-124.3327523,-124.3257116,1.423048624,1,196.912062,198.3351106
40.62105016,40.63095274,-124.3257116,-124.3199877,1.202417086,1,198.3351106,199.5375277
40.63095274,40.64425807,-124.3199877,-124.3103185,1.689543326,0.86514736,199.5375277,201.227071
40.64425807,40.65573674,-124.3103185,-124.3061205,1.324591847,1,201.227071,202.5516628
40.65573674,40.66741576,-124.3061205,-124.2988039,1.437832955,1,202.5516628,203.9894958
40.66741576,40.6807675,-124.2988039,-124.2897847,1.668147866,1,203.9894958,205.6576437
40.6807675,40.6900216,-124.2897847,-124.2833462,1.163436134,1,205.6576437,206.8210798
40.6900216,40.70014095,-124.2833462,-124.2758111,1.292161678,1,206.8210798,208.1132415
40.70014095,40.70811964,-124.2758111,-124.2697172,1.025172763,1,208.1132415,209.1384142
40.70811964,40.71927409,-124.2697172,-124.2612557,1.430733346,1,209.1384142,210.5691476
40.71927409,40.73007585,-124.2612557,-124.2534471,1.369537618,1,210.5691476,211.9386852
40.73007585,40.73805789,-124.2534471,-124.2478358,1.005638199,1,211.9386852,212.9443234
40.73805789,40.75734239,-124.2478358,-124.2358688,2.369485032,0.99477285,212.9443234,215.3138084
40.75734239,40.76683604,-124.2358688,-124.2300592,1.163526471,0.295834154,215.3138084,216.4773349
40.76683604,40.77630795,-124.2300592,-124.2228938,1.213830849,1,216.4773349,217.6911657
40.77630795,40.78467132,-124.2228938,-124.2163637,1.080344096,1,217.6911657,218.7715098
40.78467132,40.79493045,-124.2163637,-124.208613,1.314194925,1,218.7715098,220.0857048
40.79493045,40.80498583,-124.208613,-124.2022019,1.241525551,1,220.0857048,221.3272303
40.80498583,40.81698791,-124.2022019,-124.1941523,1.496667962,1,221.3272303,222.8238983
40.81698791,40.82525356,-124.1941523,-124.1890312,1.015107367,1,222.8238983,223.8390056
40.82525356,40.83488166,-124.1890312,-124.1829267,1.187418003,1,223.8390056,225.0264236
40.83488166,40.8445298,-124.1829267,-124.1767828,1.190834973,1,225.0264236,226.2172586
40.8445298,40.85317715,-124.1767828,-124.1721008,1.039060987,1,226.2172586,227.2563196
40.85317715,40.86188768,-124.1721008,-124.1666809,1.070466784,1,227.2563196,228.3267864
40.86188768,40.87068089,-124.1666809,-124.1619997,1.054021993,1,228.3267864,229.3808084
40.87068089,40.87902301,-124.1619997,-124.1574366,1.003814471,1,229.3808084,230.3846229
40.87902301,40.88899401,-124.1574366,-124.1528346,1.174285806,1,230.3846229,231.5589087
40.88899401,40.89894893,-124.1528346,-124.1479868,1.179552646,1,231.5589087,232.7384613
40.89894893,40.90951718,-124.1479868,-124.1436502,1.230354607,1,232.7384613,233.9688159
40.90951718,40.91878132,-124.1436502,-124.1399565,1.07586812,1,233.9688159,235.044684
40.91878132,40.92825461,-124.1399565,-124.1366392,1.089631612,1,235.044684,236.1343156
40.92825461,40.94040469,-124.1366392,-124.1329175,1.386727079,1,236.1343156,237.5210427
40.94040469,40.95081626,-124.1329175,-124.1296792,1.189232884,1,237.5210427,238.7102756
40.95081626,40.95995014,-124.1296792,-124.1272847,1.035355564,1,238.7102756,239.7456312
40.95995014,40.97184133,-124.1272847,-124.1218318,1.399265044,0.996282445,239.7456312,241.1448962
40.97184133,40.98230929,-124.1218318,-124.121862,1.163986073,0.852813954,241.1448962,242.3088823
40.98230929,40.99139376,-124.121862,-124.120024,1.02186059,1,242.3088823,243.3307429
40.99139376,41.00053078,-124.120024,-124.11775,1.033759785,1,243.3307429,244.3645027
41.00053078,41.00954556,-124.11775,-124.1159484,1.013733453,1,244.3645027,245.3782361
41.00954556,41.01888359,-124.1159484,-124.1146574,1.043975847,1,245.3782361,246.422212
41.01888359,41.02888962,-124.1146574,-124.1134129,1.117507053,1,246.422212,247.539719
41.02888962,41.03689346,-124.1134129,-124.1192147,1.01434664,0.565044594,247.539719,248.5540657
41.03689346,41.04523369,-124.1192147,-124.1237222,1.001482426,0.647467806,248.5540657,249.5555481
41.04523369,41.05210388,-124.1237222,-124.1314256,1.000445693,0.546808721,249.5555481,250.5559938
41.05210388,41.05707748,-124.1314256,-124.1413938,1.002236492,0.61217666,250.5559938,251.5582303
41.05707748,41.05447993,-124.1413938,-124.1530446,1.018710213,0.270498651,251.5582303,252.5769405
41.05447993,41.06316992,-124.1530446,-124.1496227,1.007979603,0.683061149,252.5769405,253.5849201
41.06316992,41.06893479,-124.1496227,-124.1587848,1.000456963,0.463963473,253.5849201,254.5853771
41.06893479,41.07753851,-124.1587848,-124.1553084,1.000090399,0,254.5853771,255.5854674
41.07753851,41.08654429,-124.1553084,-124.1550876,1.001568011,0.142003107,255.5854674,256.5870355
41.08654429,41.09510791,-124.1550876,-124.1587549,1.000599892,1,256.5870355,257.5876354
41.09510791,41.10398669,-124.1587549,-124.1606975,1.000602747,0.960042975,257.5876354,258.5882381
41.10398669,41.11295893,-124.1606975,-124.159544,1.002337937,1,258.5882381,259.590576
41.11295893,41.12196012,-124.159544,-124.1589193,1.002253384,0.655571658,259.590576,260.5928294
41.12196012,41.13010583,-124.1589193,-124.1649833,1.038452673,0.906898509,260.5928294,261.6312821
41.13010583,41.1390707,-124.1649833,-124.1632569,1.00727973,0,261.6312821,262.6385618
41.1390707,41.14092508,-124.1632569,-124.1515612,1.000884645,0,262.6385618,263.6394465
41.14092508,41.14636311,-124.1515612,-124.142003,1.003106737,0.798342191,263.6394465,264.6425532
41.14636311,41.15619261,-124.142003,-124.1368976,1.173606923,1,264.6425532,265.8161601
41.15619261,41.16505937,-124.1368976,-124.1334176,1.028078854,1,265.8161601,266.844239
41.16505937,41.17696491,-124.1334176,-124.1280746,1.397335184,1,266.844239,268.2415742
41.17696491,41.18934757,-124.1280746,-124.1228096,1.445668193,1,268.2415742,269.6872424
41.18934757,41.20074282,-124.1228096,-124.1181959,1.324595368,1,269.6872424,271.0118377
41.20074282,41.21154225,-124.1181959,-124.1139717,1.251758482,1,271.0118377,272.2635962
41.21154225,41.22324289,-124.1139717,-124.1099872,1.343059598,1,272.2635962,273.6066558
41.22324289,41.23316578,-124.1099872,-124.1067809,1.135487411,1,273.6066558,274.7421432
41.23316578,41.2432148,-124.1067809,-124.1053043,1.124200471,0.840994904,274.7421432,275.8663437
41.2432148,41.25203379,-124.1053043,-124.1025953,1.006441539,1,275.8663437,276.8727852
41.25203379,41.2636551,-124.1025953,-124.0990559,1.32566687,1,276.8727852,278.1984521
41.2636551,41.27271798,-124.0990559,-124.0973433,1.017859927,1,278.1984521,279.216312
41.27271798,41.28189809,-124.0973433,-124.0942989,1.052008537,1,279.216312,280.2683206
41.28189809,41.29207534,-124.0942989,-124.092125,1.146142554,1,280.2683206,281.4144631
41.29207534,41.30196968,-124.092125,-124.0899658,1.11488846,1,281.4144631,282.5293516
41.30196968,41.31227013,-124.0899658,-124.0881119,1.155778448,1,282.5293516,283.68513
41.31227013,41.32178669,-124.0881119,-124.0857568,1.076317624,0.981550656,283.68513,284.7614477
41.32178669,41.33063406,-124.0857568,-124.0834811,1.001966853,0.87905398,284.7614477,285.7634145
41.33063406,41.33953292,-124.0834811,-124.0812881,1.006305982,1,285.7634145,286.7697205
41.33953292,41.3507729,-124.0812881,-124.0786842,1.268589879,1,286.7697205,288.0383104
41.3507729,41.35961514,-124.0786842,-124.0764556,1.000653943,1,288.0383104,289.0389643
41.35961514,41.37363606,-124.0764556,-124.0736757,1.576220236,1,289.0389643,290.6151845
41.37363606,41.38550916,-124.0736757,-124.0716487,1.331015875,1,290.6151845,291.9462004
41.38550916,41.39492213,-124.0716487,-124.070571,1.050529172,1,291.9462004,292.9967296
41.39492213,41.40528922,-124.070571,-124.0693212,1.157472244,1,292.9967296,294.1542018
41.40528922,41.41798552,-124.0693212,-124.0674965,1.419940044,1,294.1542018,295.5741419
41.41798552,41.42912959,-124.0674965,-124.0665624,1.241609851,1,295.5741419,296.8157517
41.42912959,41.44236718,-124.0665624,-124.0657679,1.473441924,1,296.8157517,298.2891937
41.44236718,41.45222556,-124.0657679,-124.0661507,1.096666208,1,298.2891937,299.3858599
41.45222556,41.46191764,-124.0661507,-124.0665418,1.078203214,1,299.3858599,300.4640631
41.46191764,41.47206794,-124.0665418,-124.0667541,1.128800232,1,300.4640631,301.5928633
41.47206794,41.48104744,-124.0667541,-124.0697252,1.028698336,1,301.5928633,302.6215616
41.48104744,41.49067485,-124.0697252,-124.0724632,1.094543335,1,302.6215616,303.716105
41.49067485,41.49959354,-124.0724632,-124.0752051,1.017667827,1,303.716105,304.7337728
41.49959354,41.50833659,-124.0752051,-124.0790434,1.023377757,0.801410865,304.7337728,305.7571506
41.50833659,41.51717161,-124.0790434,-124.0815324,1.004032777,0.716855751,305.7571506,306.7611833
41.51717161,41.52704696,-124.0815324,-124.0826598,1.102092038,0.567416586,306.7611833,307.8632754
41.52704696,41.53882598,-124.0826598,-124.0809272,1.317683307,0.997151663,307.8632754,309.1809587
41.53882598,41.54830284,-124.0809272,-124.082524,1.062125886,0.820031043,309.1809587,310.2430846
41.54830284,41.5545494,-124.082524,-124.0929147,1.109086226,0.324113521,310.2430846,311.3521708
41.5545494,41.5631631,-124.0929147,-124.0964533,1.002032897,0.229332941,311.3521708,312.3542037
41.5631631,41.57150456,-124.0964533,-124.1011893,1.007742173,0,312.3542037,313.3619459
41.57150456,41.58071767,-124.1011893,-124.1001343,1.028203152,0.446245968,313.3619459,314.390149
41.58071767,41.58999692,-124.1001343,-124.1007475,1.033065787,0.800011042,314.390149,315.4232148
41.58999692,41.5993712,-124.1007475,-124.1008944,1.042443355,0.694806108,315.4232148,316.4656582
41.5993712,41.60877794,-124.1008944,-124.1063071,1.138694597,0.90504356,316.4656582,317.6043528
41.60877794,41.61570334,-124.1063071,-124.1155737,1.089265068,0.718749065,317.6043528,318.6936178
41.61570334,41.62470805,-124.1155737,-124.1153673,1.001425593,0.255711563,318.6936178,319.6950434
41.62470805,41.63465443,-124.1153673,-124.119239,1.151849991,1,319.6950434,320.8468934
41.63465443,41.64405287,-124.119239,-124.1229178,1.08885497,1,320.8468934,321.9357484
41.64405287,41.6524275,-124.1229178,-124.1289207,1.056380622,1,321.9357484,322.992129
41.6524275,41.66104262,-124.1289207,-124.1349869,1.082435575,1,322.992129,324.0745646
41.66104262,41.67002715,-124.1349869,-124.1379117,1.02815289,1,324.0745646,325.1027175
41.67002715,41.67905185,-124.1379117,-124.138153,1.003700614,0.502573241,325.1027175,326.1064181
41.67905185,41.68746227,-124.138153,-124.1434985,1.035202929,0.300449785,326.1064181,327.141621
41.68746227,41.69674654,-124.1434985,-124.1421284,1.038611968,0.045238544,327.141621,328.180233
41.69674654,41.70589075,-124.1421284,-124.1438559,1.026854375,0.988899473,328.180233,329.2070874
41.70589075,41.71465263,-124.1438559,-124.1467272,1.003007567,0.772937075,329.2070874,330.2100949
41.71465263,41.72355216,-124.1467272,-124.1516697,1.071238133,1,330.2100949,331.2813331
41.72355216,41.73353378,-124.1516697,-124.159461,1.284496068,1,331.2813331,332.5658291
41.73353378,41.74122762,-124.159461,-124.1677858,1.099560877,1,332.5658291,333.66539
41.74122762,41.74488111,-124.1677858,-124.1788827,1.006320805,0.990460388,333.66539,334.6717108
41.74488111,41.7456363,-124.1788827,-124.2018375,1.906267681,0,334.6717108,336.5779785
41.7456363,41.75060047,-124.2018375,-124.2120981,1.014532174,0.766121739,336.5779785,337.5925107
41.75060047,41.75643813,-124.2120981,-124.221557,1.018345378,0.853974153,337.5925107,338.610856
41.75643813,41.76344032,-124.221557,-124.229434,1.016417944,1,338.610856,339.627274
41.76344032,41.77104788,-124.229434,-124.2399539,1.215232439,1,339.627274,340.8425064
41.77104788,41.77654945,-124.2399539,-124.2505912,1.073486675,0.39903588,340.8425064,341.9159931
41.77654945,41.78577976,-124.2505912,-124.2522089,1.035090465,0.766123889,341.9159931,342.9510836
41.78577976,41.79329718,-124.2522089,-124.2436027,1.099009727,1,342.9510836,344.0500933
41.79329718,41.80415438,-124.2436027,-124.2369996,1.325556081,1,344.0500933,345.3756494
41.80415438,41.8128097,-124.2369996,-124.232878,1.021254148,1,345.3756494,346.3969035
41.8128097,41.82249386,-124.232878,-124.2286804,1.131621904,1,346.3969035,347.5285254
41.82249386,41.83215046,-124.2286804,-124.2243481,1.132176307,0.886853758,347.5285254,348.6607017
41.83215046,41.84367847,-124.2243481,-124.2202932,1.325141606,1,348.6607017,349.9858433
41.84367847,41.85310107,-124.2202932,-124.2175965,1.071290598,1,349.9858433,351.0571339
41.85310107,41.86203112,-124.2175965,-124.2151086,1.014128502,1,351.0571339,352.0712624
41.86203112,41.87292232,-124.2151086,-124.2124303,1.231186348,1,352.0712624,353.3024488
41.87292232,41.88380118,-124.2124303,-124.2099555,1.226903549,1,353.3024488,354.5293523
41.88380118,41.8947116,-124.2099555,-124.208012,1.223804561,1,354.5293523,355.7531569
41.8947116,41.90533009,-124.208012,-124.2069262,1.184137046,1,355.7531569,356.9372939
41.90533009,41.91547869,-124.2069262,-124.205594,1.133844081,1,356.9372939,358.071138
41.91547869,41.9260209,-124.205594,-124.2051801,1.172740495,1,358.071138,359.2438785
41.9260209,41.93711603,-124.2051801,-124.2048295,1.234063272,1,359.2438785,360.4779418
41.93711603,41.9469479,-124.2048295,-124.2078886,1.122150476,0.786669933,360.4779418,361.6000923
41.9469479,41.95594814,-124.2078886,-124.2082402,1.00120324,0.954815361,361.6000923,362.6012955
41.95594814,41.9670321,-124.2082402,-124.2057023,1.250215171,1,362.6012955,363.8515107
41.9670321,41.97693569,-124.2057023,-124.2054356,1.101449786,1,363.8515107,364.9529605
41.97693569,41.98745417,-124.2054356,-124.2069463,1.176248811,1,364.9529605,366.1292093
41.98745417,41.9965271,-124.2069463,-124.2107545,1.056816165,1,366.1292093,367.1860254
41.9965271,42.00499394,-124.2107545,-124.2165439,1.056041113,1,367.1860254,368.2420665
42.00499394,42.01190745,-124.2165439,-124.2255608,1.070514584,1,368.2420665,369.3125811
42.01190745,42.01781288,-124.2255608,-124.2354873,1.050582825,1,369.3125811,370.363164
42.01781288,42.02476732,-124.2354873,-124.2434625,1.015878804,1,370.363164,371.3790428
42.02476732,42.02970173,-124.2434625,-124.2540784,1.034370014,1,371.3790428,372.4134128
42.02970173,42.03693461,-124.2540784,-124.2613851,1.005489093,1,372.4134128,373.4189019
42.03693461,42.04418901,-124.2613851,-124.2689375,1.01964174,1,373.4189019,374.4385436
42.04418901,42.04412228,-124.2689375,-124.2815449,1.041100189,0.589088982,374.4385436,375.4796438
42.04412228,42.04866567,-124.2815449,-124.2920042,1.00057155,0.293707123,375.4796438,376.4802153
42.04866567,42.05513759,-124.2920042,-124.3011832,1.04511843,0.214952371,376.4802153,377.5253338
42.05513759,42.06352954,-124.3011832,-124.3055809,1.001283826,0.895591228,377.5253338,378.5266176
42.06352954,42.06825134,-124.3055809,-124.3165334,1.045500594,0.841616805,378.5266176,379.5721182
42.06825134,42.07715019,-124.3165334,-124.3214278,1.068796731,0.585051214,379.5721182,380.6409149
42.07715019,42.08467599,-124.3214278,-124.32812,1.002658736,1,380.6409149,381.6435737
42.08467599,42.09004579,-124.32812,-124.3378697,1.001908537,0.290303552,381.6435737,382.6454822
42.09004579,42.09806489,-124.3378697,-124.3434094,1.002012007,0.664649793,382.6454822,383.6474942
42.09806489,42.10508087,-124.3434094,-124.3522038,1.06539003,0.327067126,383.6474942,384.7128842
42.10508087,42.11393145,-124.3522038,-124.3554544,1.02001515,0.731813392,384.7128842,385.7328994
42.11393145,42.12276634,-124.3554544,-124.3531271,1.000973279,0,385.7328994,386.7338727
42.12276634,42.13177488,-124.3531271,-124.3521773,1.004761706,0.45793535,386.7338727,387.7386344
42.13177488,42.14138326,-124.3521773,-124.3566008,1.128948491,1,387.7386344,388.8675829
42.14138326,42.14948111,-124.3566008,-124.3622605,1.014156887,0.299368363,388.8675829,389.8817398
42.14948111,42.15818975,-124.3622605,-124.3653777,1.001870917,0,389.8817398,390.8836107
42.15818975,42.1668789,-124.3653777,-124.3622326,1.000359688,0.257240308,390.8836107,391.8839704
42.1668789,42.17587758,-124.3622326,-124.3621734,1.000619429,0.607191509,391.8839704,392.8845898
42.17587758,42.18514588,-124.3621734,-124.3632098,1.034119992,0.693053306,392.8845898,393.9187098
42.18514588,42.1920749,-124.3632098,-124.3709842,1.001949187,0,393.9187098,394.920659
42.1920749,42.2005806,-124.3709842,-124.3751721,1.0067454,0.171761087,394.920659,395.9274044
42.2005806,42.2093515,-124.3751721,-124.3782237,1.007149781,0.616887827,395.9274044,396.9345541
42.2093515,42.21836843,-124.3782237,-124.3772251,1.006003727,0.692810814,396.9345541,397.9405579
42.21836843,42.22629697,-124.3772251,-124.3833348,1.015063701,1,397.9405579,398.9556216
42.22629697,42.23281945,-124.3833348,-124.391717,1.001158747,0.621491874,398.9556216,399.9567803
42.23281945,42.24039939,-124.391717,-124.3987933,1.024586081,0.603117266,399.9567803,400.9813664
42.24039939,42.24748412,-124.3987933,-124.4067829,1.026230382,0.82055016,400.9813664,402.0075968
42.24748412,42.25649553,-124.4067829,-124.41037,1.044611251,0.684231423,402.0075968,403.052208
42.25649553,42.26566805,-124.41037,-124.4084121,1.032586493,1,403.052208,404.0847945
42.26566805,42.27482814,-124.4084121,-124.407844,1.019627668,1,404.0847945,405.1044222
42.27482814,42.28396101,-124.407844,-124.4083704,1.016451253,1,405.1044222,406.1208734
42.28396101,42.29364923,-124.4083704,-124.4096537,1.082439846,1,406.1208734,407.2033133
42.29364923,42.30270053,-124.4096537,-124.4121116,1.026561063,1,407.2033133,408.2298744
42.30270053,42.31170444,-124.4121116,-124.4154247,1.037596364,1,408.2298744,409.2674707
42.31170444,42.32051464,-124.4154247,-124.4210751,1.084229452,1,409.2674707,410.3517002
42.32051464,42.32495331,-124.4210751,-124.4326235,1.070059568,0.388832505,410.3517002,411.4217597
42.32495331,42.33349839,-124.4326235,-124.4286059,1.00593165,0,411.4217597,412.4276914
42.33349839,42.34260082,-124.4286059,-124.4272214,1.01852064,0.535354718,412.4276914,413.446212
42.34260082,42.35296285,-124.4272214,-124.4263122,1.154625639,1,413.446212,414.6008377
42.35296285,42.36474437,-124.4263122,-124.4256054,1.311331386,1,414.6008377,415.9121691
42.36474437,42.37441534,-124.4256054,-124.4249306,1.076791443,1,415.9121691,416.9889605
42.37441534,42.38474475,-124.4249306,-124.4248058,1.148623105,1,416.9889605,418.1375836
42.38474475,42.39615162,-124.4248058,-124.4254948,1.269648159,1,418.1375836,419.4072318
42.39615162,42.40550914,-124.4254948,-124.4263445,1.042845318,1,419.4072318,420.4500771
42.40550914,42.41584816,-124.4263445,-124.4275584,1.153957813,1,420.4500771,421.6040349
42.41584816,42.4250233,-124.4275584,-124.431423,1.068409491,0.587396943,421.6040349,422.6724444
42.4250233,42.43411197,-124.431423,-124.4342971,1.037778366,1,422.6724444,423.7102227
42.43411197,42.44367441,-124.4342971,-124.4335558,1.065034035,1,423.7102227,424.7752568
42.44367441,42.45166588,-124.4335558,-124.4279467,1.00071807,1,424.7752568,425.7759749
42.45166588,42.4620925,-124.4279467,-124.4259563,1.170829076,0.814444291,425.7759749,426.9468039
42.4620925,42.47052683,-124.4259563,-124.4216742,1.001469197,0.693354259,426.9468039,427.9482731
42.47052683,42.47949107,-124.4216742,-124.4227992,1.001038303,0.744906775,427.9482731,428.9493114
42.47949107,42.48821676,-124.4227992,-124.4197995,1.000947653,1,428.9493114,429.9502591
42.48821676,42.49791651,-124.4197995,-124.4212953,1.085513654,0.595299647,429.9502591,431.0357727
42.49791651,42.50656682,-124.4212953,-124.4153187,1.079468084,1,431.0357727,432.1152408
42.50656682,42.5150664,-124.4153187,-124.4105086,1.024050888,1,432.1152408,433.1392917
42.5150664,42.52393747,-124.4105086,-124.4061805,1.048256986,1,433.1392917,434.1875487
42.52393747,42.53305845,-124.4061805,-124.4028237,1.050847738,1,434.1875487,435.2383964
42.53305845,42.54178044,-124.4028237,-124.3995298,1.006688413,1,435.2383964,436.2450848
42.54178044,42.55095116,-124.3995298,-124.396299,1.053525906,1,436.2450848,437.2986108
42.55095116,42.55981312,-124.396299,-124.3933651,1.014284886,1,437.2986108,438.3128956
42.55981312,42.56943291,-124.3933651,-124.3909507,1.087793502,1,438.3128956,439.4006891
42.56943291,42.57795772,-124.3909507,-124.3948997,1.001551422,0.901960729,439.4006891,440.4022406
42.57795772,42.58684551,-124.3948997,-124.3967829,1.000231718,0.766417823,440.4022406,441.4024723
42.58684551,42.59425866,-124.3967829,-124.403742,1.002012632,0.439135066,441.4024723,442.4044849
42.59425866,42.60300488,-124.403742,-124.4008634,1.000669831,1,442.4044849,443.4051547
42.60300488,42.61210928,-124.4008634,-124.4003978,1.01307952,1,443.4051547,444.4182343
42.61210928,42.62187948,-124.4003978,-124.4012314,1.088535559,0.834456608,444.4182343,445.5067698
42.62187948,42.63021006,-124.4012314,-124.4058541,1.000555332,0.65863803,445.5067698,446.5073252
42.63021006,42.6388922,-124.4058541,-124.4091096,1.001467811,0,446.5073252,447.508793
42.6388922,42.64769984,-124.4091096,-124.4115856,1.000085821,0,447.508793,448.5088788
42.64769984,42.6566543,-124.4115856,-124.4127355,1.000121562,0.861883681,448.5088788,449.5090003
42.6566543,42.66289478,-124.4127355,-124.4215832,1.002472407,1,449.5090003,450.5114728
42.66289478,42.66818984,-124.4215832,-124.431496,1.001797759,1,450.5114728,451.5132705
42.66818984,42.6722854,-124.431496,-124.4423902,1.00035944,0.470443451,451.5132705,452.51363
42.6722854,42.67922183,-124.4423902,-124.4502151,1.002050476,0,452.51363,453.5156804
42.67922183,42.6881207,-124.4502151,-124.4483089,1.001702724,0.452536358,453.5156804,454.5173832
42.6881207,42.69633124,-124.4483089,-124.4549792,1.063349258,0.648235808,454.5173832,455.5807324
42.69633124,42.70468751,-124.4549792,-124.4595112,1.000262466,1,455.5807324,456.5809949
42.70468751,42.71346991,-124.4595112,-124.4622022,1.001003923,1,456.5809949,457.5819988
42.71346991,42.72159163,-124.4622022,-124.4674639,1.000180289,0.480766482,457.5819988,458.5821791
42.72159163,42.73002642,-124.4674639,-124.4717271,1.000468832,0.932517955,458.5821791,459.5826479
42.73002642,42.73646768,-124.4717271,-124.4807561,1.028014326,1,459.5826479,460.6106623
42.73646768,42.74174645,-124.4807561,-124.4915671,1.060213989,1,460.6106623,461.6708762
42.74174645,42.73948214,-124.4915671,-124.5034703,1.004156452,0.605319802,461.6708762,462.6750327
42.73948214,42.73982578,-124.5034703,-124.5158417,1.011051778,0,462.6750327,463.6860845
42.73982578,42.74872323,-124.5158417,-124.5137815,1.003553703,0.520914529,463.6860845,464.6896382
42.74872323,42.75751303,-124.5137815,-124.5168213,1.008401279,1,464.6896382,465.6980395
42.75751303,42.76658537,-124.5168213,-124.5194602,1.031545561,1,465.6980395,466.729585
42.76658537,42.77544763,-124.5194602,-124.5216372,1.001330892,1,466.729585,467.7309159
42.77544763,42.78434564,-124.5216372,-124.5235503,1.001658366,1,467.7309159,468.7325743
42.78434564,42.79315507,-124.5235503,-124.5260568,1.000688452,1,468.7325743,469.7332627
42.79315507,42.80169595,-124.5260568,-124.529909,1.000360837,1,469.7332627,470.7336236
42.80169595,42.81001598,-124.529909,-124.5345662,1.000122296,1,470.7336236,471.7337459
42.81001598,42.81801155,-124.5345662,-124.5402402,1.002318717,1,471.7337459,472.7360646
42.81801155,42.82499373,-124.5402402,-124.5480064,1.001978758,1,472.7360646,473.7380433
42.82499373,42.83172019,-124.5480064,-124.5561944,1.002643077,1,473.7380433,474.7406864
42.83172019,42.83938032,-124.5561944,-124.5627256,1.004551499,1,474.7406864,475.7452379
42.83938032,42.84229664,-124.5627256,-124.5511171,1.000495699,1,475.7452379,476.7457336
42.84229664,42.85040356,-124.5511171,-124.5457771,1.001066902,1,476.7457336,477.7468005
42.85040356,42.85823687,-124.5457771,-124.5397307,1.00080612,1,477.7468005,478.7476066
42.85823687,42.86667894,-124.5397307,-124.5354147,1.002462266,1,478.7476066,479.7500689
42.86667894,42.87575843,-124.5354147,-124.5318,1.051690027,0.439291107,479.7500689,480.8017589
42.87575843,42.8826692,-124.5318,-124.5239406,1.000308652,0.427498423,480.8017589,481.8020676
42.8826692,42.89072898,-124.5239406,-124.518491,1.000159293,1,481.8020676,482.8022269
42.89072898,42.89919561,-124.518491,-124.5126106,1.056307132,1,482.8022269,483.858534
42.89919561,42.90725618,-124.5126106,-124.5071553,1.000391941,1,483.858534,484.8589259
42.90725618,42.91530386,-124.5071553,-124.5016646,1.000363936,1,484.8589259,485.8592899
42.91530386,42.92354629,-124.5016646,-124.4967375,1.000485871,1,485.8592899,486.8597757
42.92354629,42.93178486,-124.4967375,-124.4917962,1.000535902,1,486.8597757,487.8603117
42.93178486,42.94024131,-124.4917962,-124.4875303,1.002393855,1,487.8603117,488.8627055
42.94024131,42.94865008,-124.4875303,-124.4830568,1.003411967,1,488.8627055,489.8661175
42.94865008,42.95713518,-124.4830568,-124.4788862,1.002698165,1,489.8661175,490.8688156
42.95713518,42.96563706,-124.4788862,-124.4747833,1.002588257,1,490.8688156,491.8714039
42.96563706,42.97416424,-124.4747833,-124.4707386,1.003662634,1,491.8714039,492.8750665
42.97416424,42.98291642,-124.4707386,-124.467016,1.019229401,1,492.8750665,493.8942959
42.98291642,42.99149608,-124.467016,-124.4632477,1.002046015,1,493.8942959,494.8963419
42.99149608,43.00014812,-124.4632477,-124.4597455,1.003338572,1,494.8963419,495.8996805
43.00014812,43.0092298,-124.4597455,-124.4565071,1.043607936,1,495.8996805,496.9432885
43.0092298,43.01786795,-124.4565071,-124.4530588,1.000598676,1,496.9432885,497.9438871
43.01786795,43.02661838,-124.4530588,-124.450185,1.00065778,1,497.9438871,498.9445449
43.02661838,43.0353396,-124.450185,-124.447103,1.001589738,1,498.9445449,499.9461346
43.0353396,43.04414928,-124.447103,-124.4445043,1.002099332,1,499.9461346,500.948234
43.04414928,43.05305462,-124.4445043,-124.442439,1.004349288,1,500.948234,501.9525833
43.05305462,43.06193561,-124.442439,-124.4404184,1.001073933,1,501.9525833,502.9536572
43.06193561,43.07083704,-124.4404184,-124.4384069,1.003191119,1,502.9536572,503.9568483
43.07083704,43.07977206,-124.4384069,-124.4369831,1.000237129,1,503.9568483,504.9570854
43.07977206,43.08878937,-124.4369831,-124.4361595,1.004906991,1,504.9570854,505.9619924
43.08878937,43.09792146,-124.4361595,-124.4344095,1.025336151,1,505.9619924,506.9873286
43.09792146,43.1068098,-124.4344095,-124.4363647,1.001004076,1,506.9873286,507.9883327
43.1068098,43.11583179,-124.4363647,-124.4354832,1.005749019,1,507.9883327,508.9940817
43.11583179,43.12290125,-124.4354832,-124.4278239,1.002194914,0.906788261,508.9940817,509.9962766
43.12290125,43.13100929,-124.4278239,-124.422484,1.00031736,0.797885935,509.9962766,510.996594
43.13100929,43.13972889,-124.422484,-124.4192278,1.004931337,1,510.996594,512.0015253
43.13972889,43.14847771,-124.4192278,-124.4161921,1.00351812,1,512.0015253,513.0050434
43.14847771,43.15718062,-124.4161921,-124.4128849,1.004218645,1,513.0050434,514.0092621
43.15718062,43.16592903,-124.4128849,-124.4093798,1.013469621,1,514.0092621,515.0227317
43.16592903,43.17473128,-124.4093798,-124.4067058,1.002500358,1,515.0227317,516.025232
43.17473128,43.18344295,-124.4067058,-124.4034636,1.003733572,1,516.025232,517.0289656
43.18344295,43.19231737,-124.4034636,-124.4008707,1.008932731,1,517.0289656,518.0378983
43.19231737,43.20255203,-124.4008707,-124.3979658,1.162148147,1,518.0378983,519.2000465
43.20255203,43.21148141,-124.3979658,-124.3963598,1.001397747,1,519.2000465,520.2014442
43.21148141,43.22047002,-124.3963598,-124.3978277,1.00654231,1,520.2014442,521.2079865
43.22047002,43.22926187,-124.3978277,-124.3949256,1.005490545,1,521.2079865,522.2134771
43.22926187,43.23807754,-124.3949256,-124.3924569,1.000452522,1,522.2134771,523.2139296
43.23807754,43.24735428,-124.3924569,-124.3897477,1.054610054,1,523.2139296,524.2685397
43.24735428,43.25626827,-124.3897477,-124.3879879,1.001384463,1,524.2685397,525.2699241
43.25626827,43.26514828,-124.3879879,-124.3856511,1.005380988,1,525.2699241,526.2753051
43.26514828,43.27418508,-124.3856511,-124.3856489,1.004845881,0.71968831,526.2753051,527.280151
43.27418508,43.28304002,-124.3856489,-124.3878186,1.000169214,0,527.280151,528.2803202
43.28304002,43.29190551,-124.3878186,-124.3899714,1.001079398,0,528.2803202,529.2813996
43.29190551,43.30034198,-124.3899714,-124.3942773,1.000724901,0.668202116,529.2813996,530.2821245
43.30034198,43.30755903,-124.3942773,-124.4016601,1.000453765,0.502097251,530.2821245,531.2825783
43.30755903,43.31494907,-124.4016601,-124.3945167,1.004639388,0.408450201,531.2825783,532.2872177
43.31494907,43.32224882,-124.3945167,-124.3872804,1.000778896,0,532.2872177,533.2879966
43.32224882,43.32992444,-124.3872804,-124.3806277,1.008979382,0,533.2879966,534.2969759
43.32992444,43.33838642,-124.3806277,-124.3760706,1.010541985,0,534.2969759,535.3075179
43.33838642,43.34046796,-124.3760706,-124.3640311,1.000793548,0.767380154,535.3075179,536.3083115
43.34046796,43.34375889,-124.3640311,-124.3524697,1.004014887,0.798893783,536.3083115,537.3123264
43.34375889,43.35082069,-124.3524697,-124.3446755,1.00688417,1,537.3123264,538.3192105
43.35082069,43.35823537,-124.3446755,-124.3375216,1.007132518,0.229127232,538.3192105,539.3263431
43.35823537,43.36673281,-124.3375216,-124.330852,1.08788578,1,539.3263431,540.4142288
43.36673281,43.37538312,-124.330852,-124.3247157,1.082224623,1,540.4142288,541.4964535
43.37538312,43.38394546,-124.3247157,-124.318533,1.075242307,1,541.4964535,542.5716958
43.38394546,43.3942232,-124.318533,-124.3114641,1.277633218,1,542.5716958,543.849329
43.3942232,43.40288939,-124.3114641,-124.3062448,1.05186277,1,543.849329,544.9011918
43.40288939,43.41376345,-124.3062448,-124.2994525,1.327809509,1,544.9011918,546.2290013
43.41376345,43.42615607,-124.2994525,-124.2924558,1.489361502,1,546.2290013,547.7183628
43.42615607,43.43775436,-124.2924558,-124.2862128,1.384693992,1,547.7183628,549.1030568
43.43775436,43.44749298,-124.2862128,-124.2812501,1.154630736,1,549.1030568,550.2576875
43.44749298,43.45738246,-124.2812501,-124.2761437,1.174376222,1,550.2576875,551.4320637
43.45738246,43.46717263,-124.2761437,-124.2714544,1.152528118,1,551.4320637,552.5845918
43.46717263,43.47581107,-124.2714544,-124.2675563,1.010745556,1,552.5845918,553.5953374
43.47581107,43.48437576,-124.2675563,-124.2636655,1.002756399,1,553.5953374,554.5980938
43.48437576,43.49329713,-124.2636655,-124.2595299,1.046610985,1,554.5980938,555.6447048
43.49329713,43.50189419,-124.2595299,-124.2558758,1.000356489,1,555.6447048,556.6450613
43.50189419,43.51053946,-124.2558758,-124.2521542,1.007079786,1,556.6450613,557.652141
43.51053946,43.51921154,-124.2521542,-124.2487934,1.001648068,1,557.652141,558.6537891
43.51921154,43.5279298,-124.2487934,-124.2454417,1.006387709,1,558.6537891,559.6601768
43.5279298,43.53662753,-124.2454417,-124.2421522,1.002839476,1,559.6601768,560.6630163
43.53662753,43.54535542,-124.2421522,-124.2389346,1.004553154,1,560.6630163,561.6675695
43.54535542,43.5540564,-124.2389346,-124.2357633,1.000693978,1,561.6675695,562.6682634
43.5540564,43.56277583,-124.2357633,-124.2326165,1.002164985,1,562.6682634,563.6704284
43.56277583,43.57148019,-124.2326165,-124.2293877,1.002230593,1,563.6704284,564.672659
43.57148019,43.58034979,-124.2293877,-124.2270298,1.004378179,1,564.672659,565.6770372
43.58034979,43.58923886,-124.2270298,-124.2246041,1.007545085,1,565.6770372,566.6845823
43.58923886,43.59814532,-124.2246041,-124.2222792,1.007896512,1,566.6845823,567.6924788
43.59814532,43.60712962,-124.2222792,-124.2202426,1.012377568,1,567.6924788,568.7048564
43.60712962,43.61596295,-124.2202426,-124.2176208,1.004645825,1,568.7048564,569.7095022
43.61596295,43.62491549,-124.2176208,-124.2158773,1.005321632,1,569.7095022,570.7148238
43.62491549,43.63389485,-124.2158773,-124.2138965,1.011107339,1,570.7148238,571.7259312
43.63389485,43.64280237,-124.2138965,-124.2117898,1.004875269,1,571.7259312,572.7308064
43.64280237,43.65183645,-124.2117898,-124.210945,1.006841127,1,572.7308064,573.7376475
43.65183645,43.66121651,-124.210945,-124.2102935,1.044331089,1,573.7376475,574.7819786
43.66121651,43.66992281,-124.2102935,-124.2067706,1.008715459,0.161497451,574.7819786,575.7906941
43.66992281,43.67871444,-124.2067706,-124.2041214,1.000534866,0.811229172,575.7906941,576.791229
43.67871444,43.68735802,-124.2041214,-124.2006326,1.001229764,1,576.791229,577.7924587
43.68735802,43.69620585,-124.2006326,-124.1982909,1.001686691,1,577.7924587,578.7941454
43.69620585,43.70497084,-124.1982909,-124.1952415,1.004978761,1,578.7941454,579.7991242
43.70497084,43.71380459,-124.1952415,-124.1928436,1.000999809,1,579.7991242,580.800124
43.71380459,43.72266918,-124.1928436,-124.190497,1.003574251,1,580.800124,581.8036982
43.72266918,43.73158191,-124.190497,-124.1886942,1.001582521,1,581.8036982,582.8052808
43.73158191,43.74041414,-124.1886942,-124.1860906,1.004128103,1,582.8052808,583.8094089
43.74041414,43.74921077,-124.1860906,-124.1832476,1.004447832,1,583.8094089,584.8138567
43.74921077,43.75808042,-124.1832476,-124.1809682,1.003108898,1,584.8138567,585.8169656
43.75808042,43.76696853,-124.1809682,-124.1787904,1.003667842,1,585.8169656,586.8206334
43.76696853,43.776849,-124.1787904,-124.1764233,1.114976564,1,586.8206334,587.93561
43.776849,43.78619018,-124.1764233,-124.1744513,1.050687807,1,587.93561,588.9862978
43.78619018,43.7951937,-124.1744513,-124.1734029,1.004676568,1,588.9862978,589.9909744
43.7951937,43.80409106,-124.1734029,-124.171206,1.00492974,1,589.9909744,590.9959041
43.80409106,43.81296433,-124.171206,-124.1691458,1.000415865,1,590.9959041,591.99632
43.81296433,43.82189492,-124.1691458,-124.1672345,1.004807322,1,591.99632,593.0011273
43.82189492,43.83085386,-124.1672345,-124.1656507,1.004257928,1,593.0011273,594.0053852
43.83085386,43.83981301,-124.1656507,-124.1640378,1.004577477,1,594.0053852,595.0099627
43.83981301,43.84875418,-124.1640378,-124.1622665,1.004308507,1,595.0099627,596.0142712
43.84875418,43.85770692,-124.1622665,-124.1603895,1.006812518,1,596.0142712,597.0210837
43.85770692,43.86664232,-124.1603895,-124.1586952,1.002813116,1,597.0210837,598.0238968
43.86664232,43.87556718,-124.1586952,-124.1570054,1.001601764,1,598.0238968,599.0254986
43.87556718,43.88454278,-124.1570054,-124.1553003,1.007353066,1,599.0254986,600.0328517
43.88454278,43.89351948,-124.1553003,-124.1541536,1.002384814,1,600.0328517,601.0352365
43.89351948,43.90246773,-124.1541536,-124.1528412,1.000541109,1,601.0352365,602.0357776
43.90246773,43.91143275,-124.1528412,-124.1516786,1.001206233,1,602.0357776,603.0369838
43.91143275,43.92040082,-124.1516786,-124.1499989,1.006239247,1,603.0369838,604.0432231
43.92040082,43.92940839,-124.1499989,-124.1484726,1.009028496,1,604.0432231,605.0522516
43.92940839,43.93840848,-124.1484726,-124.1474835,1.00389356,1,605.0522516,606.0561451
43.93840848,43.947442,-124.1474835,-124.1459489,1.011968037,1,606.0561451,607.0681132
43.947442,43.95642466,-124.1459489,-124.1445241,1.005317405,1,607.0681132,608.0734306
43.95642466,43.96538643,-124.1445241,-124.1429072,1.004872403,1,608.0734306,609.078303
43.96538643,43.9743485,-124.1429072,-124.141634,1.001731966,1,609.078303,610.0800349
43.9743485,43.98331237,-124.141634,-124.1405006,1.000854208,1,610.0800349,611.0808892
43.98331237,43.99224875,-124.1405006,-124.1386272,1.004918897,1,611.0808892,612.085808
43.99224875,44.00128002,-124.1386272,-124.1381796,1.004869461,1,612.085808,613.0906775
44.00128002,44.01032807,-124.1381796,-124.1380136,1.006184672,1,613.0906775,614.0968622
44.01032807,44.0187881,-124.1380136,-124.1423001,1.001218035,0.671381825,614.0968622,615.0980802
44.0187881,44.02739373,-124.1423001,-124.1386376,1.000709654,0.984720493,615.0980802,616.0987899
44.02739373,44.0362465,-124.1386376,-124.1361335,1.004531864,1,616.0987899,617.1033217
44.0362465,44.04517132,-124.1361335,-124.1340695,1.006015521,1,617.1033217,618.1093373
44.04517132,44.05410317,-124.1340695,-124.1323802,1.002309927,1,618.1093373,619.1116472
44.05410317,44.06304466,-124.1323802,-124.1305803,1.004597842,1,619.1116472,620.116245
44.06304466,44.07199079,-124.1305803,-124.1290789,1.001970748,1,620.116245,621.1182158
44.07199079,44.08096015,-124.1290789,-124.1280378,1.00080879,1,621.1182158,622.1190246
44.08096015,44.08993891,-124.1280378,-124.1273252,1.000012795,1,622.1190246,623.1190374
44.08993891,44.09880164,-124.1273252,-124.1251099,1.001244031,1,623.1190374,624.1202814
44.09880164,44.10780824,-124.1251099,-124.1244122,1.003036631,0.85993129,624.1202814,625.123318
44.10780824,44.11681028,-124.1244122,-124.123843,1.002012313,0,625.123318,626.1253303
44.11681028,44.12559541,-124.123843,-124.1266504,1.00223678,0,626.1253303,627.1275671
44.12559541,44.13450235,-124.1266504,-124.1247414,1.002056867,0.457422265,627.1275671,628.129624
44.13450235,44.14352319,-124.1247414,-124.1237565,1.006145832,0.206823851,628.129624,629.1357698
44.14352319,44.15234408,-124.1237565,-124.1211233,1.003085946,1,629.1357698,630.1388558
44.15234408,44.16125497,-124.1211233,-124.1191138,1.003730735,1,630.1388558,631.1425865
44.16125497,44.17023731,-124.1191138,-124.1183454,1.000669102,1,631.1425865,632.1432556
44.17023731,44.17922865,-124.1183454,-124.1177044,1.001098205,1,632.1432556,633.1443538
44.17922865,44.18830408,-124.1177044,-124.1165715,1.013176846,1,633.1443538,634.1575306
44.18830408,44.19728367,-124.1165715,-124.1156985,1.000906927,1,634.1575306,635.1584376
44.19728367,44.2063194,-124.1156985,-124.1156718,1.004729848,1,635.1584376,636.1631674
44.2063194,44.21533593,-124.1156718,-124.1151623,1.003415201,0.806605292,636.1631674,637.1665826
44.21533593,44.224213,-124.1151623,-124.1129519,1.002678053,0.458560277,637.1665826,638.1692607
44.224213,44.23321911,-124.1129519,-124.11221,1.003177113,1,638.1692607,639.1724378
44.23321911,44.2422411,-124.11221,-124.1122041,1.003199761,1,639.1724378,640.1756375
44.2422411,44.25116136,-124.1122041,-124.1139775,1.001894643,0.273095809,640.1756375,641.1775322
44.25116136,44.26003244,-124.1139775,-124.111834,1.001081244,0.362591842,641.1775322,642.1786134
44.26003244,44.26879669,-124.111834,-124.1089966,1.000389018,0.783194086,642.1786134,643.1790025
44.26879669,44.27689219,-124.1089966,-124.1144879,1.000734137,0.013764107,643.1790025,644.1797366
44.27689219,44.28592884,-124.1144879,-124.1139177,1.005854451,0.217482468,644.1797366,645.185591
44.28592884,44.29490526,-124.1139177,-124.1127714,1.0022934,0,645.185591,646.1878844
44.29490526,44.30349146,-124.1127714,-124.1089574,1.001829854,0,646.1878844,647.1897143
44.30349146,44.31249078,-124.1089574,-124.1090377,1.00069917,0,647.1897143,648.1904135
44.31249078,44.32146313,-124.1090377,-124.1077593,1.002851545,0,648.1904135,649.193265
44.32146313,44.32973596,-124.1077593,-124.102776,1.001671242,0,649.193265,650.1949363
44.32973596,44.3383281,-124.102776,-124.098981,1.001947374,0.855859255,650.1949363,651.1968836
44.3383281,44.34727071,-124.098981,-124.0971824,1.004608087,1,651.1968836,652.2014917
44.34727071,44.35689135,-124.0971824,-124.0954944,1.078152181,1,652.2014917,653.2796439
44.35689135,44.36662428,-124.0954944,-124.0931292,1.098465267,1,653.2796439,654.3781092
44.36662428,44.37572797,-124.0931292,-124.0915555,1.019982709,1,654.3781092,655.3980919
44.37572797,44.38542075,-124.0915555,-124.0900389,1.084506316,1,655.3980919,656.4825982
44.38542075,44.39626686,-124.0900389,-124.0883748,1.213259141,1,656.4825982,657.6958573
44.39626686,44.40545774,-124.0883748,-124.0865723,1.031963197,1,657.6958573,658.7278205
44.40545774,44.41461228,-124.0865723,-124.0859506,1.019134816,1,658.7278205,659.7469553
44.41461228,44.42193534,-124.0859506,-124.0784145,1.010589445,0.689441018,659.7469553,660.7575448
44.42193534,44.42934794,-124.0784145,-124.0856422,1.00439368,1,660.7575448,661.7619385
44.42934794,44.43837718,-124.0856422,-124.0852712,1.004437437,1,661.7619385,662.7663759
44.43837718,44.44737141,-124.0852712,-124.0847776,1.000880367,1,662.7663759,663.7672563
44.44737141,44.45641412,-124.0847776,-124.0848501,1.005519304,1,663.7672563,664.7727756
44.45641412,44.46542767,-124.0848501,-124.0845727,1.002503667,1,664.7727756,665.7752792
44.46542767,44.47442591,-124.0845727,-124.0854396,1.002920016,1,665.7752792,666.7781993
44.47442591,44.4834191,-124.0854396,-124.0852405,1.000121436,1,666.7781993,667.7783207
44.4834191,44.49241843,-124.0852405,-124.085332,1.000707136,0.840951425,667.7783207,668.7790278
44.49241843,44.50135161,-124.085332,-124.0837169,1.001549514,0.162955203,668.7790278,669.7805773
44.50135161,44.51026164,-124.0837169,-124.081975,1.000333889,1,669.7805773,670.7809112
44.51026164,44.51901964,-124.081975,-124.078987,1.002250813,1,670.7809112,671.783162
44.51901964,44.52790068,-124.078987,-124.076522,1.006675722,1,671.783162,672.7898378
44.52790068,44.53692508,-124.076522,-124.0756989,1.005586405,1,672.7898378,673.7954242
44.53692508,44.54590268,-124.0756989,-124.0744686,1.003014495,1,673.7954242,674.7984387
44.54590268,44.55489612,-124.0744686,-124.0730376,1.006433999,1,674.7984387,675.8048727
44.55489612,44.56384972,-124.0730376,-124.0715183,1.002844778,1,675.8048727,676.8077174
44.56384972,44.57280692,-124.0715183,-124.0703629,1.000190733,1,676.8077174,677.8079082
44.57280692,44.5817756,-124.0703629,-124.0691245,1.002084987,1,677.8079082,678.8099932
44.5817756,44.59077305,-124.0691245,-124.0684457,1.001913376,1,678.8099932,679.8119065
44.59077305,44.59982835,-124.0684457,-124.0675124,1.00961177,1,679.8119065,680.8215183
44.59982835,44.60875192,-124.0675124,-124.0694894,1.004523291,1,680.8215183,681.8260416
44.60875192,44.61775474,-124.0694894,-124.069443,1.001074757,0.511321247,681.8260416,682.8271164
44.61775474,44.6267814,-124.069443,-124.069082,1.004125312,1,682.8271164,683.8312417
44.6267814,44.63550709,-124.069082,-124.0657807,1.00480603,1,683.8312417,684.8360477
44.63550709,44.64438957,-124.0657807,-124.0635081,1.003919483,1,684.8360477,685.8399672
44.64438957,44.65332151,-124.0635081,-124.0618259,1.002062735,1,685.8399672,686.8420299
44.65332151,44.66231715,-124.0618259,-124.061755,1.000284776,1,686.8420299,687.8423147
44.66231715,44.67111397,-124.061755,-124.0645115,1.002158716,1,687.8423147,688.8444734
44.67111397,44.67787794,-124.0645115,-124.0729387,1.004846491,0.305149898,688.8444734,689.8493199
44.67787794,44.68614253,-124.0729387,-124.0679394,1.000375607,1,689.8493199,690.8496955
44.68614253,44.6949463,-124.0679394,-124.0652842,1.001183652,1,690.8496955,691.8508792
44.6949463,44.70382044,-124.0652842,-124.063019,1.002869403,1,691.8508792,692.8537486
44.70382044,44.71276571,-124.063019,-124.0612641,1.004291106,1,692.8537486,693.8580397
44.71276571,44.72180056,-124.0612641,-124.0606227,1.005907091,1,693.8580397,694.8639468
44.72180056,44.73079329,-124.0606227,-124.0597669,1.002229149,1,694.8639468,695.8661759
44.73079329,44.73979934,-124.0597669,-124.0592345,1.002309105,1,695.8661759,696.868485
44.73979934,44.7474121,-124.0592345,-124.0660401,1.002725826,0.789363195,696.868485,697.8712108
44.7474121,44.75639744,-124.0660401,-124.0648526,1.003515345,0.657796088,697.8712108,698.8747262
44.75639744,44.76511273,-124.0648526,-124.0680123,1.000692789,0,698.8747262,699.875419
44.76511273,44.77235719,-124.0680123,-124.0755407,1.001056287,0.19589803,699.875419,700.8764753
44.77235719,44.78133245,-124.0755407,-124.0741357,1.0041464,0,700.8764753,701.8806217
44.78133245,44.78966305,-124.0741357,-124.0693326,1.000878328,0,701.8806217,702.8815
44.78966305,44.79810613,-124.0693326,-124.0738229,1.003463397,0,702.8815,703.8849634
44.79810613,44.80362616,-124.0738229,-124.0637821,1.002171132,0,703.8849634,704.8871345
44.80362616,44.81261488,-124.0637821,-124.0631094,1.000907642,0,704.8871345,705.8880422
44.81261488,44.82135669,-124.0631094,-124.0661222,1.000674055,0,705.8880422,706.8887162
44.82135669,44.82972561,-124.0661222,-124.0613855,1.002763091,0,706.8887162,707.8914793
44.82972561,44.83793179,-124.0613855,-124.0561851,1.000395103,0,707.8914793,708.8918744
44.83793179,44.84590754,-124.0561851,-124.0503138,1.000406964,0.771853272,708.8918744,709.8922814
44.84590754,44.85453021,-124.0503138,-124.0466748,1.000794152,1,709.8922814,710.8930755
44.85453021,44.86321438,-124.0466748,-124.0433595,1.000367472,1,710.8930755,711.893443
44.86321438,44.87209937,-124.0433595,-124.0412323,1.002087761,1,711.893443,712.8955308
44.87209937,44.88095345,-124.0412323,-124.0385337,1.007228786,1,712.8955308,713.9027595
44.88095345,44.8897935,-124.0385337,-124.0360654,1.002019697,1,713.9027595,714.9047792
44.8897935,44.89864704,-124.0360654,-124.0334713,1.005452315,1,714.9047792,715.9102316
44.89864704,44.90756207,-124.0334713,-124.031334,1.005497676,1,715.9102316,716.9157292
44.90756207,44.9164715,-124.031334,-124.0292102,1.004700416,1,716.9157292,717.9204296
44.9164715,44.92522933,-124.0292102,-124.0262079,1.002106842,0.985277383,717.9204296,718.9225365
44.92522933,44.93422849,-124.0262079,-124.0258294,1.001103724,0.704874196,718.9225365,719.9236402
44.93422849,44.94321758,-124.0258294,-124.0246407,1.003910213,1,719.9236402,720.9275504
44.94321758,44.95216321,-124.0246407,-124.022797,1.005236071,1,720.9275504,721.9327865
44.95216321,44.96114021,-124.022797,-124.021129,1.006788617,1,721.9327865,722.9395751
44.96114021,44.96997159,-124.021129,-124.0186635,1.000978533,1,722.9395751,723.9405536
44.96997159,44.97888537,-124.0186635,-124.0168402,1.001489662,1,723.9405536,724.9420433
44.97888537,44.98781979,-124.0168402,-124.0152144,1.001657125,1,724.9420433,725.9437004
44.98781979,44.99675358,-124.0152144,-124.0134712,1.002806852,1,725.9437004,726.9465073
44.99675358,45.00555315,-124.0134712,-124.010803,1.000702858,1,726.9465073,727.9472101
45.00555315,45.01457826,-124.010803,-124.0096223,1.007830164,1,727.9472101,728.9550403
45.01457826,45.02410826,-124.0096223,-124.0104143,1.061514942,1,728.9550403,730.0165552
45.02410826,45.03314302,-124.0104143,-124.0101212,1.00488382,0.207308293,730.0165552,731.0214391
45.03314302,45.04188484,-124.0101212,-124.007039,1.001762303,0.757930661,731.0214391,732.0232014
45.04188484,45.04831311,-124.007039,-124.0160333,1.00511889,0.559959506,732.0232014,733.0283203
45.04831311,45.05716601,-124.0160333,-124.0134588,1.004956583,0,733.0283203,734.0332768
45.05716601,45.06618484,-124.0134588,-124.0144484,1.005856463,0,734.0332768,735.0391333
45.06618484,45.07429046,-124.0144484,-124.0089089,1.000793949,0,735.0391333,736.0399273
45.07429046,45.08319444,-124.0089089,-124.0068149,1.003637086,0,736.0399273,737.0435643
45.08319444,45.0897876,-124.0068149,-123.9980792,1.003903507,0,737.0435643,738.0474678
45.0897876,45.09613303,-123.9980792,-123.988844,1.011634064,0.300416007,738.0474678,739.0591019
45.09613303,45.10702488,-123.988844,-123.9859235,1.23261856,1,739.0591019,740.2917205
45.10702488,45.11591188,-123.9859235,-123.9834813,1.00660179,1,740.2917205,741.2983223
45.11591188,45.12474239,-123.9834813,-123.9808547,1.003302092,1,741.2983223,742.3016244
45.12474239,45.13365231,-123.9808547,-123.9784639,1.008334392,1,742.3016244,743.3099587
45.13365231,45.14258323,-123.9784639,-123.9766852,1.002825294,1,743.3099587,744.312784
45.14258323,45.15159248,-123.9766852,-123.9750091,1.010370487,1,744.312784,745.3231545
45.15159248,45.16052078,-123.9750091,-123.9727194,1.008886516,0.574990904,745.3231545,746.332041
45.16052078,45.16958392,-123.9727194,-123.9723746,1.008136762,1,746.332041,747.3401778
45.16958392,45.17863196,-123.9723746,-123.9708748,1.012942734,1,747.3401778,748.3531205
45.17863196,45.18773295,-123.9708748,-123.9700067,1.01426842,1,748.3531205,749.367389
45.18773295,45.19673132,-123.9700067,-123.9695188,1.001302229,1,749.367389,750.3686912
45.19673132,45.20574035,-123.9695188,-123.9697675,1.001948058,1,750.3686912,751.3706392
45.20574035,45.21463967,-123.9697675,-123.9723498,1.010024712,1,751.3706392,752.380664
45.21463967,45.22334888,-123.9723498,-123.9755432,1.000200739,0.473492808,752.380664,753.3808647
45.22334888,45.232213,-123.9755432,-123.9732544,1.00181138,1,753.3808647,754.3826761
45.232213,45.24111566,-123.9732544,-123.9713988,1.000536587,1,754.3826761,755.3832127
45.24111566,45.25014986,-123.9713988,-123.9696528,1.013814457,1,755.3832127,756.3970271
45.25014986,45.25912269,-123.9696528,-123.9685028,1.001786073,1,756.3970271,757.3988132
45.25912269,45.26814299,-123.9685028,-123.9662703,1.018116199,1,757.3988132,758.4169294
45.26814299,45.27703336,-123.9662703,-123.9643173,1.000307706,1,758.4169294,759.4172371
45.27703336,45.28607013,-123.9643173,-123.9644715,1.004914395,1,759.4172371,760.4221515
45.28607013,45.29508889,-123.9644715,-123.964855,1.003289184,1,760.4221515,761.4254407
45.29508889,45.30411382,-123.964855,-123.9649396,1.003548225,1,761.4254407,762.4289889
45.30411382,45.31311221,-123.9649396,-123.9654274,1.001301864,1,762.4289889,763.4302908
45.31311221,45.32208523,-123.9654274,-123.9673884,1.009468336,1,763.4302908,764.4397591
45.32208523,45.33087586,-123.9673884,-123.9711012,1.01965895,1,764.4397591,765.4594181
45.33087586,45.33793909,-123.9711012,-123.9790862,1.003204545,0.525804455,765.4594181,766.4626226
45.33793909,45.33770803,-123.9790862,-123.9919485,1.005665032,0,766.4626226,767.4682876
45.33770803,45.34050968,-123.9919485,-124.0042548,1.011054074,0,767.4682876,768.4793417
45.34050968,45.34443343,-124.0042548,-123.9925876,1.010864028,0,768.4793417,769.4902057
45.34443343,45.34766772,-123.9925876,-123.9806098,1.002774514,0,769.4902057,770.4929802
45.34766772,45.3552967,-123.9806098,-123.9735076,1.013720024,0.128444307,770.4929802,771.5067003
45.3552967,45.36418691,-123.9735076,-123.9714521,1.001507237,1,771.5067003,772.5082075
45.36418691,45.37311568,-123.9714521,-123.9691343,1.009209529,1,772.5082075,773.517417
45.37311568,45.38200866,-123.9691343,-123.9670009,1.002794336,1,773.517417,774.5202114
45.38200866,45.39100672,-123.9670009,-123.9655266,1.007142246,1,774.5202114,775.5273536
45.39100672,45.40004486,-123.9655266,-123.9641203,1.010975506,1,775.5273536,776.5383291
45.40004486,45.40911412,-123.9641203,-123.9632199,1.010902856,1,776.5383291,777.549232
45.40911412,45.41813704,-123.9632199,-123.9618799,1.008739708,1,777.549232,778.5579717
45.41813704,45.42717816,-123.9618799,-123.9611136,1.007105157,1,778.5579717,779.5650768
45.42717816,45.43608125,-123.9611136,-123.9630317,1.001229521,0.569926364,779.5650768,780.5663064
45.43608125,45.44482389,-123.9630317,-123.9661539,1.002191433,0.236596074,780.5663064,781.5684978
45.44482389,45.45365306,-123.9661539,-123.9693594,1.013102059,1,781.5684978,782.5815999
45.45365306,45.46203306,-123.9693594,-123.9744109,1.011688292,1,782.5815999,783.5932882
45.46203306,45.47099668,-123.9744109,-123.9722391,1.010996892,1,783.5932882,784.604285
45.47099668,45.47989941,-123.9722391,-123.9703892,1.000390847,1,784.604285,785.6046759
45.47989941,45.48654148,-123.9703892,-123.9790491,1.000639253,0.110778033,785.6046759,786.6053151
45.48654148,45.49363298,-123.9790491,-123.9711238,1.001727881,0,786.6053151,787.607043
45.49363298,45.49962986,-123.9711238,-123.9614106,1.008863226,0.737271422,787.607043,788.6159063
45.49962986,45.50883274,-123.9614106,-123.9581685,1.054043045,1,788.6159063,789.6699493
45.50883274,45.51770404,-123.9581685,-123.9559818,1.001050606,1,789.6699493,790.6709999
45.51770404,45.52672298,-123.9559818,-123.9546175,1.008477992,1,790.6709999,791.6794779
45.52672298,45.53570484,-123.9546175,-123.9531235,1.005493911,1,791.6794779,792.6849718
45.53570484,45.54472035,-123.9531235,-123.9522018,1.005045364,1,792.6849718,793.6900172
45.54472035,45.5538036,-123.9522018,-123.9518445,1.01039462,1,793.6900172,794.7004118
45.5538036,45.56286139,-123.9518445,-123.9519425,1.007209395,1,794.7004118,795.7076212
45.56286139,45.57056278,-123.9519425,-123.958577,1.000040206,0.338740614,795.7076212,796.7076614
45.57056278,45.57920314,-123.958577,-123.9547932,1.004886735,1,796.7076614,797.7125481
45.57920314,45.58804512,-123.9547932,-123.9524191,1.000393261,1,797.7125481,798.7129414
45.58804512,45.59706456,-123.9524191,-123.9512931,1.006736327,1,798.7129414,799.7196777
45.59706456,45.60580869,-123.9512931,-123.9482191,1.001280487,1,799.7196777,800.7209582
45.60580869,45.61478966,-123.9482191,-123.94667,1.0058816,1,800.7209582,801.7268398
45.61478966,45.62377158,-123.94667,-123.945503,1.002859337,1,801.7268398,802.7296991
45.62377158,45.63277271,-123.945503,-123.9442282,1.005776709,1,802.7296991,803.7354758
45.63277271,45.64178454,-123.9442282,-123.9434867,1.003726515,1,803.7354758,804.7392024
45.64178454,45.65079041,-123.9434867,-123.9427933,1.002857625,1,804.7392024,805.74206
45.65079041,45.65980555,-123.9427933,-123.9438045,1.005513765,0.745313915,805.74206,806.7475738
45.65980555,45.6690073,-123.9438045,-123.9429991,1.025100209,1,806.7475738,807.772674
45.6690073,45.67800431,-123.9429991,-123.9424297,1.00140034,1,807.772674,808.7740743
45.67800431,45.68700222,-123.9424297,-123.9420606,1.000932333,1,808.7740743,809.7750066
45.68700222,45.69602981,-123.9420606,-123.942593,1.004673661,1,809.7750066,810.7796803
45.69602981,45.70498452,-123.942593,-123.9439972,1.001671755,1,810.7796803,811.7813521
45.70498452,45.7140263,-123.9439972,-123.9446289,1.006595711,1,811.7813521,812.7879478
45.7140263,45.72302147,-123.9446289,-123.9457594,1.004061618,1,812.7879478,813.7920094
45.72302147,45.73197059,-123.9457594,-123.9475862,1.005147848,1,813.7920094,814.7971572
45.73197059,45.73945079,-123.9475862,-123.9547564,1.000751253,1,814.7971572,815.7979085
45.73945079,45.74531133,-123.9547564,-123.9645675,1.002160569,0.36299728,815.7979085,816.8000691
45.74531133,45.7539942,-123.9645675,-123.9685489,1.013708773,0,816.8000691,817.8137778
45.7539942,45.76282279,-123.9685489,-123.9712673,1.004090203,0.612281793,817.8137778,818.817868
45.76282279,45.76879629,-123.9712673,-123.9809091,1.000278153,0.100075751,818.817868,819.8181462
45.76879629,45.77655303,-123.9809091,-123.974351,1.001317693,0,819.8181462,820.8194639
45.77655303,45.7852343,-123.974351,-123.9708408,1.002959623,0.652469708,820.8194639,821.8224235
45.7852343,45.79421147,-123.9708408,-123.9691776,1.006511579,1,821.8224235,822.8289351
45.79421147,45.80356255,-123.9691776,-123.9688196,1.040162439,1,822.8289351,823.8690975
45.80356255,45.81242445,-123.9688196,-123.9661526,1.006848969,1,823.8690975,824.8759465
45.81242445,45.82146606,-123.9661526,-123.9651261,1.008522984,1,824.8759465,825.8844695
45.82146606,45.83049585,-123.9651261,-123.9645095,1.005203009,1,825.8844695,826.8896725
45.83049585,45.83959932,-123.9645095,-123.963925,1.013272192,1,826.8896725,827.9029447
45.83959932,45.8486101,-123.963925,-123.9640476,1.001998771,1,827.9029447,828.9049434
45.8486101,45.85748606,-123.9640476,-123.9664109,1.003790597,1,828.9049434,829.908734
45.85748606,45.86645762,-123.9664109,-123.964977,1.003752186,1,829.908734,830.9124862
45.86645762,45.87549511,-123.964977,-123.9657963,1.006922887,1,830.9124862,831.9194091
45.87549511,45.88439664,-123.9657963,-123.9679624,1.003907884,1,831.9194091,832.923317
45.88439664,45.89345606,-123.9679624,-123.9678634,1.007391139,1,832.923317,833.9307081
45.89345606,45.90247068,-123.9678634,-123.9687066,1.004501062,1,833.9307081,834.9352092
45.90247068,45.91125145,-123.9687066,-123.9717402,1.004193363,1,834.9352092,835.9394026
45.91125145,45.91855632,-123.9717402,-123.9793977,1.005336115,1,835.9394026,836.9447387
45.91855632,45.92757926,-123.9793977,-123.9793161,1.003323993,1,836.9447387,837.9480627
45.92757926,45.93521161,-123.9793161,-123.9862722,1.004826037,0.809820706,837.9480627,838.9528887
45.93521161,45.94355068,-123.9862722,-123.9912418,1.003737317,0.453815931,838.9528887,839.956626
45.94355068,45.95157517,-123.9912418,-123.9853632,1.001369361,1,839.956626,840.9579954
45.95157517,45.95619361,-123.9853632,-123.9742481,1.001045033,1,840.9579954,841.9590404
45.95619361,45.96515631,-123.9742481,-123.9724778,1.005956862,1,841.9590404,842.9649973
45.96515631,45.97190777,-123.9724778,-123.9634834,1.023140615,1,842.9649973,843.9881379
45.97190777,45.97570727,-123.9634834,-123.9516413,1.007964077,1,843.9881379,844.996102
45.97570727,45.97628715,-123.9516413,-123.9387136,1.00107676,1,844.996102,845.9971787
45.97628715,45.99340548,-123.9387136,-123.9332988,1.948907039,1,845.9971787,847.9460858
45.99340548,46.00530653,-123.9332988,-123.9307188,1.338257544,1,847.9460858,849.2843433
46.00530653,46.01588932,-123.9307188,-123.9301659,1.177526686,1,849.2843433,850.46187
46.01588932,46.02588901,-123.9301659,-123.930696,1.112667545,1,850.46187,851.5745375
46.02588901,46.03888389,-123.930696,-123.9313896,1.445956556,1,851.5745375,853.0204941
46.03888389,46.05131219,-123.9313896,-123.9324254,1.384274458,1,853.0204941,854.4047686
46.05131219,46.06237671,-123.9324254,-123.934493,1.240619459,1,854.4047686,855.645388
46.06237671,46.07372995,-123.934493,-123.9364285,1.271223083,1,855.645388,856.9166111
46.07372995,46.08497004,-123.9364285,-123.9392041,1.268044348,1,856.9166111,858.1846554
46.08497004,46.09772721,-123.9392041,-123.9430695,1.449511305,1,858.1846554,859.6341667
46.09772721,46.1065111,-123.9430695,-123.9462577,1.007182148,1,859.6341667,860.6413489
46.1065111,46.11848701,-123.9462577,-123.9511775,1.384608919,1,860.6413489,862.0259578
46.11848701,46.12721219,-123.9511775,-123.9547956,1.009472626,1,862.0259578,863.0354304
46.12721219,46.14182722,-123.9547956,-123.9615243,1.705821725,1,863.0354304,864.7412522
46.14182722,46.1504317,-123.9615243,-123.9655554,1.00591029,1,864.7412522,865.7471625
46.1504317,46.15950408,-123.9655554,-123.9706107,1.081345584,1,865.7471625,866.828508
46.15950408,46.168597,-123.9706107,-123.9754038,1.076360773,1,866.828508,867.9048688
46.168597,46.17768651,-123.9754038,-123.9805342,1.085170357,1,867.9048688,868.9900392
46.17768651,46.19023816,-123.9805342,-123.9884078,1.521622856,1,868.9900392,870.511662
46.19023816,46.20111666,-123.9884078,-123.9956682,1.332477647,1,870.511662,871.8441397
46.20111666,46.21025091,-123.9956682,-124.0022855,1.136193231,1,871.8441397,872.9803329
46.21025091,46.22037074,-124.0022855,-124.0087213,1.229407514,1,872.9803329,874.2097404
46.22037074,46.2284243,-124.0087213,-124.020397,1.268346835,0.377672469,874.2097404,875.4780873
46.2284243,46.2347544,-124.020397,-124.029809,1.009726555,0,875.4780873,876.4878138
46.2347544,46.24173665,-124.029809,-124.0396288,1.083125515,0,876.4878138,877.5709393
46.24173665,46.24908972,-124.0396288,-124.0486429,1.071914182,0,877.5709393,878.6428535
46.24908972,46.2564419,-124.0486429,-124.0579282,1.085383252,0,878.6428535,879.7282368
46.2564419,46.26295579,-124.0579282,-124.0680236,1.061602602,0,879.7282368,880.7898394
46.26295579,46.26969779,-124.0680236,-124.0773362,1.036564406,0.027484161,880.7898394,881.8264038
46.26969779,46.27967304,-124.0773362,-124.0783877,1.112137466,1,881.8264038,882.9385412
46.27967304,46.28924773,-124.0783877,-124.0774876,1.066901055,1,882.9385412,884.0054423
46.28924773,46.29824857,-124.0774876,-124.0787543,1.005568381,0.73748653,884.0054423,885.0110107
46.29824857,46.30642324,-124.0787543,-124.0730372,1.009521297,0.541550339,885.0110107,886.020532
46.30642324,46.31538983,-124.0730372,-124.070838,1.011245439,1,886.020532,887.0317774
46.31538983,46.3244751,-124.070838,-124.068917,1.020950377,1,887.0317774,888.0527278
46.3244751,46.3352289,-124.068917,-124.0678737,1.198447768,1,888.0527278,889.2511755
46.3352289,46.34516205,-124.0678737,-124.0666488,1.108511446,1,889.2511755,890.359687
46.34516205,46.35434251,-124.0666488,-124.0658156,1.022822001,1,890.359687,891.382509
46.35434251,46.36360147,-124.0658156,-124.0653374,1.030203894,1,891.382509,892.4127129
46.36360147,46.37412332,-124.0653374,-124.0647298,1.170904711,1,892.4127129,893.5836176
46.37412332,46.38481479,-124.0647298,-124.0637595,1.191164092,1,893.5836176,894.7747817
46.38481479,46.39672634,-124.0637595,-124.0632202,1.325150209,1,894.7747817,896.0999319
46.39672634,46.41084187,-124.0632202,-124.0628471,1.569835865,1,896.0999319,897.6697678
46.41084187,46.4199228,-124.0628471,-124.0614579,1.015353415,1,897.6697678,898.6851212
46.4199228,46.42892583,-124.0614579,-124.0623933,1.003655693,1,898.6851212,899.6887769
46.42892583,46.4379195,-124.0623933,-124.0616312,1.001754418,1,899.6887769,900.6905313
46.4379195,46.44704077,-124.0616312,-124.0610152,1.015336701,1,900.6905313,901.705868
46.44704077,46.45626988,-124.0610152,-124.0612425,1.026378283,1,901.705868,902.7322463
46.45626988,46.46539009,-124.0612425,-124.0608562,1.014552783,1,902.7322463,903.7467991
46.46539009,46.47445806,-124.0608562,-124.0605214,1.008637701,1,903.7467991,904.7554368
46.47445806,46.48360266,-124.0605214,-124.0606061,1.016853622,1,904.7554368,905.7722904
46.48360266,46.4926298,-124.0606061,-124.0611212,1.004546928,1,905.7722904,906.7768373
46.4926298,46.5018123,-124.0611212,-124.0611906,1.021061804,1,906.7768373,907.7978991
46.5018123,46.51099698,-124.0611906,-124.0613432,1.021356338,1,907.7978991,908.8192555
46.51099698,46.52008727,-124.0613432,-124.0616718,1.011106635,1,908.8192555,909.8303621
46.52008727,46.5290891,-124.0616718,-124.0621953,1.001758723,1,909.8303621,910.8321208
46.5290891,46.5382599,-124.0621953,-124.0627565,1.020649729,1,910.8321208,911.8527705
46.5382599,46.5474549,-124.0627565,-124.062923,1.022516017,1,911.8527705,912.8752866
46.5474549,46.55649585,-124.062923,-124.0634652,1.006163344,1,912.8752866,913.8814499
46.55649585,46.56564357,-124.0634652,-124.0648391,1.022589058,1,913.8814499,914.904039
46.56564357,46.5749075,-124.0648391,-124.0654384,1.031120038,1,914.904039,915.935159
46.5749075,46.58407964,-124.0654384,-124.0668229,1.025370322,1,915.935159,916.9605293
46.58407964,46.59319041,-124.0668229,-124.0680613,1.017481643,1,916.9605293,917.978011
46.59319041,46.6022138,-124.0680613,-124.0687912,1.004904144,1,917.978011,918.9829151
46.6022138,46.61122722,-124.0687912,-124.0702364,1.008308923,1,918.9829151,919.991224
46.61122722,46.62034227,-124.0702364,-124.0708534,1.014642151,1,919.991224,921.0058662
46.62034227,46.62928467,-124.0708534,-124.0730146,1.007952707,1,921.0058662,922.0138189
46.62928467,46.63833266,-124.0730146,-124.0721246,1.008383542,1,922.0138189,923.0222024
46.63833266,46.64739205,-124.0721246,-124.0710846,1.010481403,1,923.0222024,924.0326838
46.64739205,46.65557929,-124.0710846,-124.065527,1.004358365,1,924.0326838,925.0370422
46.65557929,46.66072647,-124.065527,-124.0540992,1.043180703,0.972942072,925.0370422,926.0802229
46.66072647,46.66738157,-124.0540992,-124.0448892,1.020575455,0,926.0802229,927.1007984
46.66738157,46.67276491,-124.0448892,-124.033508,1.054730598,0,927.1007984,928.155529
46.67276491,46.67732629,-124.033508,-124.0220512,1.010591585,0,928.155529,929.1661205
46.67732629,46.68143385,-124.0220512,-124.009691,1.047736203,0,929.1661205,930.2138567
46.68143385,46.68672159,-124.009691,-123.998496,1.036814099,0,930.2138567,931.2506708
46.68672159,46.69350655,-123.998496,-123.9881607,1.091161062,0,931.2506708,932.3418319
46.69350655,46.70134542,-123.9881607,-123.9952542,1.025872575,0.348066112,932.3418319,933.3677045
46.70134542,46.70418874,-123.9952542,-124.0077679,1.00525268,1,933.3677045,934.3729572
46.70418874,46.71074754,-124.0077679,-124.0168358,1.004961094,1,934.3729572,935.3779182
46.71074754,46.71494441,-124.0168358,-124.0284455,1.000621289,1,935.3779182,936.3785395
46.71494441,46.72107335,-124.0284455,-124.0381809,1.007609488,1,936.3785395,937.386149
46.72107335,46.72551652,-124.0381809,-124.0499121,1.02163467,1,937.386149,938.4077837
46.72551652,46.72991645,-124.0499121,-124.0613983,1.002908675,1,938.4077837,939.4106924
46.72991645,46.73469976,-124.0613983,-124.0726219,1.007274625,1,939.4106924,940.417967
46.73469976,46.73827604,-124.0726219,-124.0846827,1.001467064,1,940.417967,941.4194341
46.73827604,46.74600158,-124.0846827,-124.092942,1.064912784,1,941.4194341,942.4843468
46.74600158,46.75364912,-124.092942,-124.1000944,1.009991468,1,942.4843468,943.4943383
46.75364912,46.76173631,-124.1000944,-124.1062277,1.013386162,1,943.4943383,944.5077245
46.76173631,46.77077074,-124.1062277,-124.1073285,1.008075763,1,944.5077245,945.5158002
46.77077074,46.77975292,-124.1073285,-124.1050524,1.013701616,1,945.5158002,946.5295019
46.77975292,46.78873317,-124.1050524,-124.1037462,1.003498874,1,946.5295019,947.5330007
46.78873317,46.79780092,-124.1037462,-124.1037439,1.008287649,1,947.5330007,948.5412884
46.79780092,46.80687548,-124.1037439,-124.1047186,1.01176876,1,948.5412884,949.5530571
46.80687548,46.81582548,-124.1047186,-124.1062821,1.002282295,1,949.5530571,950.5553394
46.81582548,46.8247865,-124.1062821,-124.1080889,1.005859738,1,950.5553394,951.5611992
46.8247865,46.83368329,-124.1080889,-124.1100813,1.000822582,1,951.5611992,952.5620217
46.83368329,46.84260115,-124.1100813,-124.1122945,1.005808368,1,952.5620217,953.5678301
46.84260115,46.85140878,-124.1122945,-124.1150722,1.001887739,1,953.5678301,954.5697179
46.85140878,46.86024191,-124.1150722,-124.1179128,1.005669934,1,954.5697179,955.5753878
46.86024191,46.86902085,-124.1179128,-124.1211553,1.006819482,1,955.5753878,956.5822073
46.86902085,46.87787793,-124.1211553,-124.1241453,1.010747054,1,956.5822073,957.5929543
46.87787793,46.88674,-124.1241453,-124.1271423,1.011400326,1,957.5929543,958.6043547
46.88674,46.89634732,-124.1271423,-124.1308786,1.105368261,1,958.6043547,959.7097229
46.89634732,46.90501688,-124.1308786,-124.1345045,1.002601134,0.99102501,959.7097229,960.712324
46.90501688,46.91894867,-124.1345045,-124.17216,3.252867282,0,960.712324,963.9651913
46.91894867,46.92759499,-124.17216,-124.176252,1.010402933,0.046975499,963.9651913,964.9755943
46.92759499,46.93664296,-124.176252,-124.1757295,1.006871007,1,964.9755943,965.9824653
46.93664296,46.94569268,-124.1757295,-124.1764303,1.007687804,1,965.9824653,966.9901531
46.94569268,46.95472222,-124.1764303,-124.1765705,1.004096351,1,966.9901531,967.9942494
46.95472222,46.96438945,-124.1765705,-124.1760295,1.075730425,1,967.9942494,969.0699799
46.96438945,46.97340294,-124.1760295,-124.1757655,1.002453873,1,969.0699799,970.0724337
46.97340294,46.98239927,-124.1757655,-124.1757583,1.000346412,1,970.0724337,971.0727801
46.98239927,46.99323181,-124.1757583,-124.1754583,1.204738969,1,971.0727801,972.2775191
46.99323181,47.00222449,-124.1754583,-124.1752106,1.000116493,1,972.2775191,973.2776356
47.00222449,47.01126857,-124.1752106,-124.1751959,1.005656361,1,973.2776356,974.283292
47.01126857,47.02031662,-124.1751959,-124.1757065,1.006841906,1,974.283292,975.2901339
47.02031662,47.02936191,-124.1757065,-124.1757722,1.005802288,1,975.2901339,976.2959362
47.02936191,47.03844526,-124.1757722,-124.1758462,1.010038922,1,976.2959362,977.3059751
47.03844526,47.0474598,-124.1758462,-124.1765055,1.003615157,1,977.3059751,978.3095902
47.0474598,47.05645979,-124.1765055,-124.1767791,1.000967804,1,978.3095902,979.310558
47.05645979,47.06548554,-124.1767791,-124.1777441,1.006276279,1,979.310558,980.3168343
47.06548554,47.0744825,-124.1777441,-124.1786756,1.002900987,1,980.3168343,981.3197353
47.0744825,47.08350945,-124.1786756,-124.1797502,1.007043509,1,981.3197353,982.3267788
47.08350945,47.092497,-124.1797502,-124.1813726,1.00689048,1,982.3267788,983.3336693
47.092497,47.10147863,-124.1813726,-124.1825558,1.002719714,1,983.3336693,984.336389
47.10147863,47.11042463,-124.1825558,-124.1839335,1.000198531,1,984.336389,985.3365875
47.11042463,47.11993573,-124.1839335,-124.185323,1.062800912,1,985.3365875,986.3993884
47.11993573,47.12891232,-124.185323,-124.1872739,1.009004656,1,986.3993884,987.4083931
47.12891232,47.13785937,-124.1872739,-124.189518,1.009246112,1,987.4083931,988.4176392
47.13785937,47.14667262,-124.189518,-124.1924387,1.004577127,1,988.4176392,989.4222163
47.14667262,47.15558449,-124.1924387,-124.1946104,1.004469605,1,989.4222163,990.4266859
47.15558449,47.16494307,-124.1946104,-124.1972511,1.059606992,1,990.4266859,991.4862929
47.16494307,47.17381537,-124.1972511,-124.1995255,1.001424361,1,991.4862929,992.4877173
47.17381537,47.18268195,-124.1995255,-124.2021174,1.005192725,1,992.4877173,993.49291
47.18268195,47.1915266,-124.2021174,-124.2047869,1.003957327,1,993.49291,994.4968674
47.1915266,47.20037553,-124.2047869,-124.2076344,1.007201803,1,994.4968674,995.5040692
47.20037553,47.20923831,-124.2076344,-124.2100474,1.002214195,1,995.5040692,996.5062833
47.20923831,47.2180491,-124.2100474,-124.2127442,1.000665112,1,996.5062833,997.5069485
47.2180491,47.22735253,-124.2127442,-124.2171919,1.087655716,1,997.5069485,998.5946042
47.22735253,47.23601131,-124.2171919,-124.2211727,1.008638264,1,998.5946042,999.6032424
47.23601131,47.24476357,-124.2211727,-124.2243168,1.001734494,1,999.6032424,1000.604977
47.24476357,47.25352699,-124.2243168,-124.2273303,1.000642325,1,1000.604977,1001.605619
47.25352699,47.262036,-124.2273303,-124.231858,1.00596936,1,1001.605619,1002.611589
47.262036,47.270829,-124.231858,-124.2354333,1.014272095,1,1002.611589,1003.625861
47.270829,47.2795979,-124.2354333,-124.2384887,1.001933252,1,1003.625861,1004.627794
47.2795979,47.28816107,-124.2384887,-124.2426958,1.003673329,1,1004.627794,1005.631467
47.28816107,47.2958041,-124.2426958,-124.249688,1.000184064,1,1005.631467,1006.631651
47.2958041,47.30194458,-124.249688,-124.2594432,1.00367156,1,1006.631651,1007.635323
47.30194458,47.30106237,-124.2594432,-124.2726695,1.002148968,0.894655904,1007.635323,1008.637472
47.30106237,47.30878834,-124.2726695,-124.2795215,1.002476246,0.311749181,1008.637472,1009.639948
47.30878834,47.3175404,-124.2795215,-124.2826766,1.001830362,1,1009.639948,1010.641778
47.3175404,47.3261343,-124.2826766,-124.2866531,1.001504659,1,1010.641778,1011.643283
47.3261343,47.33472614,-124.2866531,-124.2906705,1.002197562,1,1011.643283,1012.645481
47.33472614,47.34295397,-124.2906705,-124.2961415,1.003484728,1,1012.645481,1013.648965
47.34295397,47.35037143,-124.2961415,-124.3041116,1.020214861,1,1013.648965,1014.66918
47.35037143,47.35406816,-124.3041116,-124.3162723,1.004104986,1,1014.66918,1015.673285
47.35406816,47.36253533,-124.3162723,-124.320805,1.00150074,1,1015.673285,1016.674786
47.36253533,47.3713637,-124.320805,-124.3236209,1.004315713,1,1016.674786,1017.679102
47.3713637,47.38037051,-124.3236209,-124.3243317,1.002940612,1,1017.679102,1018.682042
47.38037051,47.38930051,-124.3243317,-124.3261959,1.002840698,1,1018.682042,1019.684883
47.38930051,47.39816139,-124.3261959,-124.3286849,1.002940064,1,1019.684883,1020.687823
47.39816139,47.40558169,-124.3286849,-124.3362513,1.00253657,0.348998316,1020.687823,1021.69036
47.40558169,47.4145939,-124.3362513,-124.3364764,1.002256078,0.883189149,1021.69036,1022.692616
47.4145939,47.42358764,-124.3364764,-124.3368607,1.000475417,1,1022.692616,1023.693091
47.42358764,47.43259776,-124.3368607,-124.3373963,1.002689252,1,1023.693091,1024.69578
47.43259776,47.44152691,-124.3373963,-124.3393756,1.003975622,1,1024.69578,1025.699756
47.44152691,47.45054385,-124.3393756,-124.3397052,1.00294365,1,1025.699756,1026.7027
47.45054385,47.45952539,-124.3397052,-124.3405639,1.000787019,1,1026.7027,1027.703487
47.45952539,47.46845514,-124.3405639,-124.3421526,1.000098604,0.936877927,1027.703487,1028.703585
47.46845514,47.47770198,-124.3421526,-124.3430372,1.030349992,1,1028.703585,1029.733935
47.47770198,47.48666312,-124.3430372,-124.3442594,1.000656916,1,1029.733935,1030.734592
47.48666312,47.4956208,-124.3442594,-124.3459363,1.003985326,1,1030.734592,1031.738578
47.4956208,47.50457135,-124.3459363,-124.3477542,1.004582483,1,1031.738578,1032.74316
47.50457135,47.51347811,-124.3477542,-124.3498263,1.002539447,1,1032.74316,1033.745699
47.51347811,47.5223936,-124.3498263,-124.3517692,1.002037201,1,1033.745699,1034.747737
47.5223936,47.53133814,-124.3517692,-124.3534363,1.002433154,1,1034.747737,1035.75017
47.53133814,47.54013546,-124.3534363,-124.3564782,1.00451723,1,1035.75017,1036.754687
47.54013546,47.54903817,-124.3564782,-124.3586577,1.003362241,1,1036.754687,1037.758049
47.54903817,47.55800482,-124.3586577,-124.3604998,1.00658425,1,1037.758049,1038.764634
47.55800482,47.56712302,-124.3604998,-124.3622779,1.022637373,1,1038.764634,1039.787271
47.56712302,47.57600684,-124.3622779,-124.3644674,1.00139998,1,1039.787271,1040.788671
47.57600684,47.58488612,-124.3644674,-124.3668431,1.003281261,1,1040.788671,1041.791952
47.58488612,47.59649904,-124.3668431,-124.370842,1.32566448,1,1041.791952,1043.117617
47.59649904,47.6050977,-124.370842,-124.3749249,1.003937586,1,1043.117617,1044.121554
47.6050977,47.61396926,-124.3749249,-124.3775199,1.005470808,1,1044.121554,1045.127025
47.61396926,47.62285164,-124.3775199,-124.3797529,1.001756311,1,1045.127025,1046.128781
47.62285164,47.63168568,-124.3797529,-124.3824559,1.002968658,1,1046.128781,1047.13175
47.63168568,47.64028506,-124.3824559,-124.3864596,1.002159301,1,1047.13175,1048.133909
47.64028506,47.64919124,-124.3864596,-124.3885849,1.003039865,1,1048.133909,1049.136949
47.64919124,47.65780245,-124.3885849,-124.3924572,1.000486862,1,1049.136949,1050.137436
47.65780245,47.66637963,-124.3924572,-124.3964772,1.000127712,1,1050.137436,1051.137564
47.66637963,47.67475837,-124.3964772,-124.4013929,1.001745344,1,1051.137564,1052.139309
47.67475837,47.68293378,-124.4013929,-124.4069739,1.00048802,1,1052.139309,1053.139797
47.68293378,47.69146775,-124.4069739,-124.411337,1.003564242,1,1053.139797,1054.143361
47.69146775,47.7003203,-124.411337,-124.4137734,1.00110638,1,1054.143361,1055.144468
47.7003203,47.7092526,-124.4137734,-124.4156634,1.003243899,1,1055.144468,1056.147712
47.7092526,47.71803207,-124.4156634,-124.4187263,1.002766474,1,1056.147712,1057.150478
47.71803207,47.72691233,-124.4187263,-124.4208789,1.000482952,1,1057.150478,1058.150961
47.72691233,47.7356967,-124.4208789,-124.4239848,1.004019115,1,1058.150961,1059.15498
47.7356967,47.7441404,-124.4239848,-124.4286886,1.00262033,1,1059.15498,1060.157601
47.7441404,47.75019051,-124.4286886,-124.4386609,1.004249186,1,1060.157601,1061.16185
47.75019051,47.75670111,-124.4386609,-124.4479089,1.001043413,1,1061.16185,1062.162893
47.75670111,47.76510585,-124.4479089,-124.4528369,1.004538431,1,1062.162893,1063.167432
47.76510585,47.76723407,-124.4528369,-124.4658581,1.001568447,0.328820428,1063.167432,1064.169
47.76723407,47.76922158,-124.4658581,-124.478962,1.003982157,0,1064.169,1065.172982
47.76922158,47.77792448,-124.478962,-124.4755021,1.001665664,0.334738138,1065.172982,1066.174648
47.77792448,47.78633977,-124.4755021,-124.4802812,1.001556758,1,1066.174648,1067.176205
47.78633977,47.7953247,-124.4802812,-124.4811262,1.001071449,0.061082581,1067.176205,1068.177276
47.7953247,47.80419262,-124.4811262,-124.4834872,1.001711636,0.987881914,1068.177276,1069.178988
47.80419262,47.81287426,-124.4834872,-124.4870969,1.00228707,1,1069.178988,1070.181275
47.81287426,47.82055242,-124.4870969,-124.494187,1.004585246,1,1070.181275,1071.18586
47.82055242,47.82447061,-124.494187,-124.5062751,1.002152614,1,1071.18586,1072.188013
47.82447061,47.82665965,-124.5062751,-124.5193332,1.004786898,0.317257472,1072.188013,1073.192799
47.82665965,47.83356792,-124.5193332,-124.5279429,1.001570099,0.466418247,1073.192799,1074.19437
47.83356792,47.83433595,-124.5279429,-124.5412958,1.00035162,1,1074.19437,1075.194721
47.83433595,47.8433402,-124.5412958,-124.5414365,1.00128159,1,1075.194721,1076.196003
47.8433402,47.85005797,-124.5414365,-124.5510205,1.034169206,1,1076.196003,1077.230172
47.85005797,47.85777626,-124.5510205,-124.5579512,1.001992471,1,1077.230172,1078.232164
47.85777626,47.8663372,-124.5579512,-124.5621048,1.001096765,0.824832515,1078.232164,1079.233261
47.8663372,47.86869038,-124.5621048,-124.5750913,1.003442003,0.381312877,1079.233261,1080.236703
47.86869038,47.87621859,-124.5750913,-124.5825218,1.003942514,0.403753422,1080.236703,1081.240646
47.87621859,47.87921025,-124.5825218,-124.5952939,1.008957859,1,1081.240646,1082.249604
47.87921025,47.87725115,-124.5952939,-124.608444,1.004629896,0.189519115,1082.249604,1083.254234
47.87725115,47.88431316,-124.608444,-124.6168643,1.005462937,0.907537694,1083.254234,1084.259696
47.88431316,47.890327,-124.6168643,-124.6268686,1.001831123,1,1084.259696,1085.261528
47.890327,47.89916098,-124.6268686,-124.6295976,1.003144562,0.512369845,1085.261528,1086.264672
47.89916098,47.90669113,-124.6295976,-124.6371307,1.008177425,1,1086.264672,1087.27285
47.90669113,47.9156268,-124.6371307,-124.6389663,1.002976314,1,1087.27285,1088.275826
47.9156268,47.9246329,-124.6389663,-124.6400582,1.004732835,1,1088.275826,1089.280559
47.9246329,47.93329566,-124.6400582,-124.643701,1.000761186,1,1089.280559,1090.28132
47.93329566,47.94130342,-124.643701,-124.6499158,1.003590326,1,1090.28132,1091.28491
47.94130342,47.94655204,-124.6499158,-124.660834,1.000984682,1,1091.28491,1092.285895
47.94655204,47.9554171,-124.660834,-124.663248,1.002010523,1,1092.285895,1093.287905
47.9554171,47.9643573,-124.663248,-124.6648731,1.001442567,0.76847419,1093.287905,1094.289348
47.9643573,47.9677924,-124.6648731,-124.6772918,1.000395955,0.716349134,1094.289348,1095.289744
47.9677924,47.97603704,-124.6772918,-124.6718363,1.002693333,0.326752242,1095.289744,1096.292437
47.97603704,47.98504533,-124.6718363,-124.6716766,1.001747,1,1096.292437,1097.294184
47.98504533,47.99323128,-124.6716766,-124.6772833,1.001313143,1,1097.294184,1098.295497
47.99323128,48.00210353,-124.6772833,-124.6797877,1.003993836,1,1098.295497,1099.299491
48.00210353,48.01102855,-124.6797877,-124.6780155,1.001136052,1,1099.299491,1100.300627
48.01102855,48.01971524,-124.6780155,-124.6815862,1.001766181,1,1100.300627,1101.302393
48.01971524,48.02868683,-124.6815862,-124.6827081,1.00107803,0.868432492,1101.302393,1102.303472
48.02868683,48.03768992,-124.6827081,-124.682331,1.001490418,1,1102.303472,1103.304962
48.03768992,48.04659575,-124.682331,-124.6844377,1.002592037,1,1103.304962,1104.307554
48.04659575,48.05520626,-124.6844377,-124.6883689,1.001042319,1,1104.307554,1105.308596
48.05520626,48.06380135,-124.6883689,-124.6923769,1.001073168,0.430210164,1105.308596,1106.309669
48.06380135,48.07232543,-124.6923769,-124.6967666,1.002388442,1,1106.309669,1107.312058
48.07232543,48.08127682,-124.6967666,-124.6954246,1.000330492,1,1107.312058,1108.312388
48.08127682,48.09002197,-124.6954246,-124.6921113,1.003076629,1,1108.312388,1109.315465
48.09002197,48.0984735,-124.6921113,-124.6875019,1.0001785,1,1109.315465,1110.315644
48.0984735,48.10684037,-124.6875019,-124.6926554,1.005982875,0.93519785,1110.315644,1111.321626
48.10684037,48.11568822,-124.6926554,-124.6951794,1.001523507,0.973747848,1111.321626,1112.32315
48.11568822,48.1227222,-124.6951794,-124.7036201,1.002166954,1,1112.32315,1113.325317
48.1227222,48.13146177,-124.7036201,-124.7071937,1.007340889,1,1113.325317,1114.332658
48.13146177,48.13949895,-124.7071937,-124.7133351,1.003188486,0.899797115,1114.332658,1115.335846
48.13949895,48.14786321,-124.7133351,-124.7183511,1.001764706,1,1115.335846,1116.337611
48.14786321,48.15581449,-124.7183511,-124.7247122,1.002193196,0.85727328,1116.337611,1117.339804
48.15581449,48.16279361,-124.7247122,-124.7332662,1.002402212,1,1117.339804,1118.342206
48.16279361,48.17115714,-124.7332662,-124.7282732,1.00099311,1,1118.342206,1119.343199
48.17115714,48.1779325,-124.7282732,-124.7193378,1.003294654,1,1119.343199,1120.346494
48.1779325,48.18250603,-124.7193378,-124.7076725,1.003335037,0.605733932,1120.346494,1121.349829
48.18250603,48.19014005,-124.7076725,-124.7004893,1.002074976,0.877217498,1121.349829,1122.351904
48.19014005,48.19867426,-124.7004893,-124.6961959,1.000900925,1,1122.351904,1123.352805
48.19867426,48.20746055,-124.6961959,-124.6932022,1.001867381,1,1123.352805,1124.354672
48.20746055,48.21632544,-124.6932022,-124.6907992,1.001683515,1,1124.354672,1125.356356
48.21632544,48.22508041,-124.6907992,-124.694003,1.002024258,0.903258975,1125.356356,1126.35838
48.22508041,48.23319568,-124.694003,-124.6999022,1.002610195,0,1126.35838,1127.36099
48.23319568,48.24198913,-124.6999022,-124.7028174,1.001339659,0,1127.36099,1128.36233
48.24198913,48.24907596,-124.7028174,-124.6944737,1.001353362,0.996473482,1128.36233,1129.363683
48.24907596,48.25553214,-124.6944737,-124.6850648,1.000329163,1,1129.363683,1130.364013
48.25553214,48.26427135,-124.6850648,-124.6815771,1.005471928,1,1130.364013,1131.369485
48.26427135,48.27322641,-124.6815771,-124.68031,1.000163501,1,1131.369485,1132.369648
48.27322641,48.28185831,-124.68031,-124.6842219,1.002530588,0.802323042,1132.369648,1133.372179
48.28185831,48.2907931,-124.6842219,-124.6860029,1.002203817,0.238260885,1133.372179,1134.374382
48.2907931,48.29558721,-124.6860029,-124.6745353,1.001950293,0.479825617,1134.374382,1135.376333
48.29558721,48.30202746,-124.6745353,-124.6650847,1.000773034,0.908031807,1135.376333,1136.377106
48.30202746,48.31087088,-124.6650847,-124.6624684,1.002201164,1,1136.377106,1137.379307
48.31087088,48.31928433,-124.6624684,-124.6672983,1.001393391,1,1137.379307,1138.3807
48.31928433,48.3256182,-124.6672983,-124.6576599,1.001941325,1,1138.3807,1139.382642
48.3256182,48.33399369,-124.6576599,-124.6626742,1.002375989,1,1139.382642,1140.385018
48.33399369,48.34088508,-124.6626742,-124.6713773,1.00051204,1,1140.385018,1141.38553
48.34088508,48.33943832,-124.6713773,-124.6847348,1.000301814,1,1141.38553,1142.385831
48.33943832,48.34528978,-124.6847348,-124.6950225,1.000738681,0.952365937,1142.385831,1143.38657
48.34528978,48.35235924,-124.6950225,-124.7034233,1.001674211,1,1143.38657,1144.388244
48.35235924,48.36068042,-124.7034233,-124.7085989,1.001184953,1,1144.388244,1145.389429
48.36068042,48.36785555,-124.7085989,-124.7168396,1.00358386,0.669161617,1145.389429,1146.393013
48.36785555,48.37399888,-124.7168396,-124.7267833,1.003066489,0.391327274,1146.393013,1147.39608
48.37399888,48.38293624,-124.7267833,-124.7248536,1.003956842,0,1147.39608,1148.400037
48.38293624,48.39001045,-124.7248536,-124.7163395,1.007003933,0,1148.400037,1149.40704
