beach,beach.lat,beach.lon,beach.size,LatS,LatE,LongS,LongE,SegSize,SegProp,CumuStart,CumuEnd,DfromS,Bs,Bn,psi,Nsurvs,C_0,C_1,C_2,C_3,C_4,C_5,C_6,C_7,C_8,C_9,C_10,C_11,C_12,C_13,C_14,C_15,C_16,C_17,C_18,C_19,S_0,S_1,S_2,S_3,S_4,S_5,S_6,S_7,S_8,S_9,S_10,S_11,S_12,S_13,S_14,S_15,S_16,S_17,S_18,S_19
Navarro Beach,39.1901,-123.7592,0.36,39.187,39.19368,-123.75758,-123.76581,1.02668,1,7.96,8.99,0.4,8.2,8.5,0.9259,8,0,0,0,0,0,0,0,0,,,,,,,,,,,,,1,21,33,84,98,140,174,210,,,,,,,,,,,,
Van Damme State Park,39.2724,-123.7907,0.3,39.26601,39.2718,-123.78861,-123.79756,1.00333,0.442,18.04,19.05,0.7,18.6,18.9,0.9259,8,0,0,0,0,0,0,0,0,,,,,,,,,,,,,1,18,32,84,114,134,172,199,,,,,,,,,,,,
Caspar Beach,39.36,-123.818,0.3,39.3542,39.36307,-123.82126,-123.81911,1.00391,0.247,30.09,31.1,0.7,30.6,30.9,0.9259,7,0,0,0,0,0,0,0,,,,,,,,,,,,,,1,38,68,100,128,161,189,,,,,,,,,,,,,
Virgin Creek Beach,39.4717,-123.8048,0.64,39.47166,39.48094,-123.80598,-123.80364,1.05152,0.929,44.32,45.37,0.1,44.1,44.7,0.9214,7,0,0,0,1,0,0,0,,,,,,,,,,,,,,1,54,82,115,144,179,200,,,,,,,,,,,,,
Steamboat Rock ,40.4254,-124.403,1,40.42027,40.42925,-124.4012,-124.40281,1.00766,1,174.4,175.41,0.6,174.5,175.5,0.9054,8,0,0,0,2,2,1,1,0,,,,,,,,,,,,,1,26,58,77,122,152,175,194,,,,,,,,,,,,
Centerville Road South,40.5709,-124.3517,0.9,40.56014,40.57374,-124.35669,-124.35057,1.59834,1,191.07,192.67,1.3,191.9,192.8,0.9259,8,0,0,0,0,0,0,0,0,,,,,,,,,,,,,1,5,44,68,103,148,179,192,,,,,,,,,,,,
Eel River North,40.6782,-124.2898,1,40.68077,40.69002,-124.28978,-124.28335,1.16344,1,205.66,206.82,0.3,205.4,206.4,0.9221,8,0,0,0,0,0,1,0,0,,,,,,,,,,,,,1,17,52,80,108,144,178,213,,,,,,,,,,,,
South Spit,40.6973,-124.2771,1.1,40.69002,40.70014,-124.28335,-124.27581,1.29216,1,206.82,208.11,1,207.2,208.3,0.914,8,0,0,0,0,3,0,0,0,,,,,,,,,,,,,1,2,32,63,98,124,155,183,,,,,,,,,,,,
Samoa Jetty North,40.7646,-124.2326,0.8,40.75734,40.76684,-124.23587,-124.23006,1.16353,0.296,215.31,216.48,0.9,215.9,216.7,0.9511,7,0,0,3,0,10,0,0,,,,,,,,,,,,,,1,5,67,105,131,165,191,,,,,,,,,,,,,
Samoa Bay St S,40.7995,-124.2054,1,40.79493,40.80499,-124.20861,-124.2022,1.24153,1,220.09,221.33,0.6,220.2,221.2,0.9259,4,0,0,0,0,,,,,,,,,,,,,,,,,1,24,126,196,,,,,,,,,,,,,,,,
Samoa Bay St N,40.7995,-124.2054,0.8,40.79493,40.80499,-124.20861,-124.2022,1.24153,1,220.09,221.33,0.6,221.2,222,0.9192,8,0,0,0,1,0,0,0,0,,,,,,,,,,,,,1,19,53,86,105,136,164,191,,,,,,,,,,,,
Samoa Cookhouse Beach,40.8215,-124.1908,1,40.81699,40.82525,-124.19415,-124.18903,1.01511,1,222.82,223.84,0.6,222.9,223.9,0.9211,7,0,0,0,1,0,1,0,,,,,,,,,,,,,,1,22,53,92,148,176,208,,,,,,,,,,,,,
Stamps South,40.8579,-124.1689,1.08,40.85318,40.86189,-124.1721,-124.16668,1.07047,1,227.26,228.33,0.6,227.3,228.4,0.9259,6,0,0,0,0,0,0,,,,,,,,,,,,,,,1,19,82,109,147,184,,,,,,,,,,,,,,
Ma-le'l Mid,40.8639,-124.1649,1.59,40.86189,40.87068,-124.16668,-124.162,1.05402,1,228.33,229.38,0.3,228.4,229.99,0.9259,8,0,0,0,0,0,0,0,0,,,,,,,,,,,,,1,13,50,78,105,141,167,199,,,,,,,,,,,,
Ma-le'l North,40.8771,-124.1576,1.09,40.87068,40.87902,-124.162,-124.15744,1.00381,1,229.38,230.38,0.8,230,231.09,0.921,8,0,0,1,0,0,0,0,0,,,,,,,,,,,,,1,17,55,88,111,148,167,199,,,,,,,,,,,,
Lanphere Dunes N,40.8969,-124.1486,1.1,40.88899,40.89895,-124.15283,-124.14799,1.17955,1,231.56,232.74,0.9,232,233.1,0.9207,5,0,1,0,0,0,,,,,,,,,,,,,,,,1,109,130,177,205,,,,,,,,,,,,,,,
Lanphere Dunes S,40.8969,-124.1486,1.1,40.88899,40.89895,-124.15283,-124.14799,1.17955,1,231.56,232.74,0.9,233.1,234.2,0.9259,5,0,0,0,0,0,,,,,,,,,,,,,,,,1,67,107,167,195,,,,,,,,,,,,,,,
Mad River Park N,40.9274,-124.1347,2,40.91878,40.92825,-124.13996,-124.13664,1.08963,1,235.04,236.13,1.1,235.2,237.2,0.9259,8,0,0,0,0,0,0,0,0,,,,,,,,,,,,,1,14,50,73,106,131,168,199,,,,,,,,,,,,
Mad River South,40.9299,-124.1349,2.4,40.92825,40.9404,-124.13664,-124.13292,1.38673,1,236.13,237.52,0.2,237.2,239.6,0.9259,8,0,0,0,0,0,0,0,0,,,,,,,,,,,,,1,30,58,93,120,154,179,207,,,,,,,,,,,,
Murray Road Beach,40.9749,-124.1212,2,40.97184,40.98231,-124.12183,-124.12186,1.16399,0.853,241.14,242.31,0.3,240.5,242.5,0.9161,8,0,0,0,1,2,0,0,0,,,,,,,,,,,,,1,21,41,65,99,139,161,198,,,,,,,,,,,,
Clam Beach South,40.9872,-124.1194,1.72,40.98231,40.99139,-124.12186,-124.12002,1.02186,1,242.31,243.33,0.6,242.5,244.22,0.9259,8,0,0,0,0,0,0,0,0,,,,,,,,,,,,,1,14,50,85,118,148,175,200,,,,,,,,,,,,
Crannell Beach,41.0073,-124.1148,2.38,41.00053,41.00955,-124.11775,-124.11595,1.01373,1,244.36,245.38,0.8,244.3,246.68,0.9086,8,0,0,0,0,4,0,0,0,,,,,,,,,,,,,1,5,36,63,105,126,155,183,,,,,,,,,,,,
Moonstone,41.0315,-124.1137,0.4,41.02889,41.03689,-124.11341,-124.11921,1.01435,0.565,247.54,248.55,0.3,247.6,248,0.9259,4,0,0,0,0,,,,,,,,,,,,,,,,,1,55,93,130,,,,,,,,,,,,,,,,
Trinidad Lighthouse S,41.0558,-124.1373,0.68,41.0521,41.05708,-124.13143,-124.14139,1.00224,0.612,250.56,251.56,0.6,250.9,251.5,0.9259,7,0,0,0,0,0,0,0,,,,,,,,,,,,,,1,49,77,105,140,182,210,,,,,,,,,,,,,
Trinidad State Beach,41.0569,-124.1506,0.8,41.05448,41.06317,-124.15304,-124.14962,1.00798,0.683,252.58,253.58,0.3,252.5,253.3,0.9208,6,0,1,1,0,0,0,,,,,,,,,,,,,,,1,49,78,148,178,210,,,,,,,,,,,,,,
Dry Lagoon Beach,41.2336,-124.1066,1.49,41.23317,41.24321,-124.10678,-124.1053,1.1242,0.841,274.74,275.87,0.1,274.1,275.5,0.9086,8,0,0,0,5,0,0,0,0,,,,,,,,,,,,,1,20,42,84,106,145,168,204,,,,,,,,,,,,
Stone Lagoon,41.2449,-124.1044,1.66,41.24321,41.25203,-124.1053,-124.1026,1.00644,1,275.87,276.87,0.2,275.5,277.16,0.9049,6,0,0,0,0,2,0,,,,,,,,,,,,,,,1,12,40,69,98,130,,,,,,,,,,,,,,
Stone Lagoon North,41.2589,-124.0995,0.59,41.25203,41.26366,-124.1026,-124.09906,1.32567,1,276.87,278.2,0.8,277.4,278,0.9259,8,0,0,0,0,0,0,0,0,,,,,,,,,,,,,1,16,50,78,105,142,175,206,,,,,,,,,,,,
Beachcomber South,41.7414,-124.1666,1,41.73353,41.74123,-124.15946,-124.16779,1.09956,1,332.57,333.67,1.1,333.1,334.1,0.9215,8,0,1,0,0,0,0,0,0,,,,,,,,,,,,,1,27,62,91,132,153,181,209,,,,,,,,,,,,
Battery Point S,41.7438,-124.1977,1.3,41.74564,41.7506,-124.20184,-124.2121,1.01453,0.766,336.58,337.59,0.4,336.3,337.6,0.9259,8,0,0,0,0,0,0,0,0,,,,,,,,,,,,,1,26,39,65,115,141,177,188,,,,,,,,,,,,
Battery Point N,41.7496,-124.2084,1.3,41.74564,41.7506,-124.20184,-124.2121,1.01453,0.766,336.58,337.59,0.7,337.6,338.9,0.935,8,0,0,0,0,2,3,0,0,,,,,,,,,,,,,1,28,58,85,119,142,169,200,,,,,,,,,,,,
Pebble Beach,41.7571,-124.222,0.5,41.75644,41.76344,-124.22156,-124.22943,1.01642,1,338.61,339.63,0.1,338.9,339.4,0.9259,8,0,0,0,0,0,0,0,0,,,,,,,,,,,,,1,30,60,92,123,153,182,213,,,,,,,,,,,,
North Pebble Beach,41.7662,-124.2325,0.69,41.76344,41.77105,-124.22943,-124.23995,1.21523,1,339.63,340.84,0.4,339.7,340.4,0.901,8,0,0,0,0,5,4,0,0,,,,,,,,,,,,,1,24,53,67,114,141,177,188,,,,,,,,,,,,
Garth,41.7709,-124.2456,1.4,41.77105,41.77655,-124.23995,-124.25059,1.07349,0.399,340.84,341.92,0.5,340.6,342,0.9142,8,0,0,0,0,1,2,0,0,,,,,,,,,,,,,1,2,32,63,93,127,155,183,,,,,,,,,,,,
Chetco Beach South,42.0447,-124.27,1.25,42.04419,42.04412,-124.26894,-124.28154,1.0411,0.589,374.44,375.48,0.1,373.9,375.2,0.9259,8,0,0,0,0,0,0,0,0,,,,,,,,,,,,,1,31,65,96,127,152,184,210,,,,,,,,,,,,
Harris Beach,42.0666,-124.3131,0.6,42.06353,42.06825,-124.30558,-124.31653,1.0455,0.842,378.53,379.57,0.7,378.9,379.5,0.9426,5,0,0,7,1,0,,,,,,,,,,,,,,,,1,105,136,167,195,,,,,,,,,,,,,,,
Lone Ranch Beach,42.1006,-124.3457,1,42.09806,42.10508,-124.34341,-124.3522,1.06539,0.327,383.65,384.71,0.3,383.5,384.5,0.9259,4,0,0,0,0,,,,,,,,,,,,,,,,,1,13,43,151,,,,,,,,,,,,,,,,
Pistol River State Park,42.2772,-124.4075,2.5,42.27483,42.28396,-124.40784,-124.40837,1.01645,1,405.1,406.12,0.3,404.1,406.6,0.911,8,0,0,0,0,4,0,1,0,,,,,,,,,,,,,1,30,58,92,120,152,176,212,,,,,,,,,,,,
Cape Sebastian,42.3074,-124.411,2.15,42.3027,42.3117,-124.41211,-124.41542,1.0376,1,408.23,409.27,0.5,407.7,409.8,0.9259,6,0,0,0,0,0,0,,,,,,,,,,,,,,,1,92,118,148,182,210,,,,,,,,,,,,,,
Otter Point,42.4524,-124.427,1.75,42.45167,42.46209,-124.42795,-124.42596,1.17083,0.814,425.78,426.95,0.1,425,426.8,0.9047,15,0,0,0,0,0,0,1,0,1,0,0,0,0,0,0,,,,,,1,8,17,46,59,69,86,106,123,136,148,164,179,194,207,,,,,
Euchre Creek,42.5537,-124.3947,1,42.55095,42.55981,-124.3963,-124.39337,1.01428,1,437.3,438.31,0.3,437.1,438.1,0.9207,10,0,0,0,0,0,0,1,0,0,0,,,,,,,,,,,1,26,44,82,107,127,136,172,186,200,,,,,,,,,,
Hubbard Creek,42.736,-124.4774,0.95,42.73003,42.73647,-124.47173,-124.48076,1.02801,1,459.58,460.61,0.8,459.9,460.9,0.9324,8,0,0,0,1,27,0,0,0,,,,,,,,,,,,,1,27,59,92,118,146,178,188,,,,,,,,,,,,
Wayside Park,42.7422,-124.4924,0.9,42.74175,42.73948,-124.49157,-124.50347,1.00416,0.605,461.67,462.68,0.1,461.3,462.2,0.9084,10,0,0,0,5,1,0,0,0,0,0,,,,,,,,,,,1,15,40,74,106,142,172,174,194,206,,,,,,,,,,
OR Mile 99,43.09,-124.4345,1,43.08879,43.09792,-124.43616,-124.43441,1.02534,1,505.96,506.99,0.2,505.7,506.7,0.9454,8,0,0,0,10,8,16,0,0,,,,,,,,,,,,,1,7,37,69,94,131,166,198,,,,,,,,,,,,
OR Mile 101,43.1138,-124.4369,1.09,43.10681,43.11583,-124.43636,-124.43548,1.00575,1,507.99,508.99,0.8,508.2,509.3,0.924,5,0,0,3,0,0,,,,,,,,,,,,,,,,1,31,92,177,212,,,,,,,,,,,,,,,
Bullards Beach South,43.1363,-124.4201,1,43.13101,43.13973,-124.42248,-124.41923,1.00493,1,511,512,0.6,511.1,512.1,0.9097,7,0,0,2,1,0,0,0,,,,,,,,,,,,,,1,50,118,148,168,182,203,,,,,,,,,,,,,
Bullards Beach North,43.1464,-124.4163,1,43.13973,43.14848,-124.41923,-124.41619,1.00352,1,512,513.01,0.8,512.3,513.3,0.9337,7,0,0,3,1,0,0,0,,,,,,,,,,,,,,1,50,118,148,168,182,203,,,,,,,,,,,,,
Seven Devils Wayside,43.2193,-124.3978,2,43.21148,43.22047,-124.39636,-124.39783,1.00654,1,520.2,521.21,0.9,520.3,522.3,0.9183,7,0,0,0,3,1,0,0,,,,,,,,,,,,,,1,22,43,81,141,176,207,,,,,,,,,,,,,
Sacchi Beach,43.2713,-124.382,1.38,43.26515,43.27419,-124.38565,-124.38565,1.00485,0.72,526.28,527.28,0.7,526.3,527.7,0.9388,4,0,2,61,1,,,,,,,,,,,,,,,,,1,106,135,175,,,,,,,,,,,,,,,,
Sunset Bay,43.3318,-124.3745,0.46,43.32992,43.33839,-124.38063,-124.37607,1.01054,0,534.3,535.31,0.5,534.6,535.1,0.9188,4,0,0,4,0,,,,,,,,,,,,,,,,,1,106,134,175,,,,,,,,,,,,,,,,
OR Mile 121,43.3392,-124.3733,1,43.33839,43.34047,-124.37607,-124.36403,1.00079,0.767,535.31,536.31,0.2,535.1,536.1,0.9159,7,0,0,1,0,1,0,0,,,,,,,,,,,,,,1,28,64,90,119,148,176,,,,,,,,,,,,,
Bastendorff,43.345,-124.349,1.2,43.34376,43.35082,-124.35247,-124.34468,1.00688,1,537.31,538.32,0.3,538.1,539.3,0.9052,8,0,0,1,0,3,1,0,0,,,,,,,,,,,,,1,14,58,86,115,142,167,191,,,,,,,,,,,,
Horsfall South,43.4536,-124.2777,1.65,43.44749,43.45738,-124.28125,-124.27614,1.17438,1,550.26,551.43,0.7,550.2,551.8,0.9543,5,0,0,9,13,19,,,,,,,,,,,,,,,,1,15,70,118,175,,,,,,,,,,,,,,,
Tenmile Beach,43.559,-124.2336,1.6,43.55406,43.56278,-124.23576,-124.23262,1.00216,1,562.67,563.67,0.6,562.4,564,0.8987,6,0,0,1,0,46,3,,,,,,,,,,,,,,,1,30,65,109,128,168,,,,,,,,,,,,,,
Seaview South,43.3304,-124.0678,1.2,43.40289,43.41376,-124.30624,-124.29945,1.32781,1,544.9,546.23,20.9,565.2,566.4,0.9545,4,0,40,16,0,,,,,,,,,,,,,,,,,1,121,148,177,,,,,,,,,,,,,,,,
Salmon Harbor South,43.633,-124.2128,2.3,43.62492,43.63389,-124.21588,-124.2139,1.01111,1,570.71,571.73,0.9,570.5,572.8,0.8134,14,0,0,0,0,0,1,20,2,42,18,1,0,0,0,,,,,,,1,2,16,29,43,57,71,99,136,148,165,177,191,204,,,,,,
OR Mile 168,43.9755,-124.1407,1.7,43.97435,43.98331,-124.14163,-124.1405,1.00085,1,610.08,611.08,0.1,609.4,611.1,0.9418,6,0,0,0,23,27,2,,,,,,,,,,,,,,,1,21,41,138,166,201,,,,,,,,,,,,,,
OR Mile 175,44.0678,-124.128,1.7,44.06304,44.07199,-124.13058,-124.12908,1.00197,1,620.12,621.12,0.6,619.8,621.5,0.949,8,0,0,1,15,2,39,2,1,,,,,,,,,,,,,1,22,50,92,105,148,182,204,,,,,,,,,,,,
Washburn North,44.1607,-124.1182,0.84,44.15234,44.16125,-124.12112,-124.11911,1.00373,1,630.14,631.14,1,631.7,632.54,0.9006,5,0,12,0,0,0,,,,,,,,,,,,,,,,1,129,167,181,195,,,,,,,,,,,,,,,
Rock Creek,44.183,-124.1163,0.7,44.17923,44.1883,-124.1177,-124.11657,1.01318,1,633.14,634.16,0.4,633.4,634.1,0.9112,6,0,6,3,0,0,0,,,,,,,,,,,,,,,1,114,129,167,181,195,,,,,,,,,,,,,,
Ocean Beach,44.1864,-124.1161,1.5,44.17923,44.1883,-124.1177,-124.11657,1.01318,1,633.14,634.16,0.8,634.1,635.6,0.9259,7,0,0,0,0,0,0,0,,,,,,,,,,,,,,1,44,81,106,146,182,212,,,,,,,,,,,,,
Stonefield Beach ,44.2262,-124.1126,1.3,44.22421,44.23322,-124.11295,-124.11221,1.00318,1,638.17,639.17,0.2,637.7,639,0.919,6,0,0,0,0,8,0,,,,,,,,,,,,,,,1,49,78,109,137,195,,,,,,,,,,,,,,
Bob Creek,44.2446,-124.113,0.56,44.24224,44.25116,-124.1122,-124.11398,1.00189,0.273,640.18,641.18,0.3,640.2,640.7,0.9184,6,0,0,0,0,10,0,,,,,,,,,,,,,,,1,49,78,109,137,195,,,,,,,,,,,,,,
OR Mile 196,44.3382,-124.0991,1.6,44.32974,44.33833,-124.10278,-124.09898,1.00195,0.856,650.19,651.2,1,650.4,652,0.9386,16,0,0,0,0,4,10,1,1,62,66,26,13,0,0,0,0,,,,,1,14,28,42,57,70,84,98,114,126,142,154,168,182,198,210,,,,
Beachside State Park,44.3834,-124.0904,1.3,44.37573,44.38542,-124.09156,-124.09004,1.08451,1,655.4,656.48,0.9,655.6,656.9,0.9049,5,0,0,7,45,0,,,,,,,,,,,,,,,,1,43,77,142,196,,,,,,,,,,,,,,,
Driftwood,44.462,-124.0821,1,44.45641,44.46543,-124.08485,-124.08457,1.0025,1,664.77,665.78,0.7,664.9,665.9,0.9269,7,0,0,7,15,7,0,0,,,,,,,,,,,,,,1,49,82,111,149,178,203,,,,,,,,,,,,,
Agate Beach,44.6592,-124.0573,1.75,44.65332,44.66232,-124.06183,-124.06175,1.00028,1,686.84,687.84,0.7,686.7,688.5,0.9536,8,0,3,3,5,49,29,1,0,,,,,,,,,,,,,1,30,58,86,119,154,182,211,,,,,,,,,,,,
Yaquina Head,44.6754,-124.0775,0.2,44.67111,44.67788,-124.06451,-124.07294,1.00485,0.305,688.84,689.85,1.1,689.9,690.1,0.9142,4,0,4,0,0,,,,,,,,,,,,,,,,,1,136,165,198,,,,,,,,,,,,,,,,
Schooner South,44.6876,-124.0671,1.4,44.68614,44.69495,-124.06794,-124.06528,1.00118,1,690.85,691.85,0.2,690.3,691.7,0.9167,10,0,0,0,0,0,1,0,0,0,0,,,,,,,,,,,1,15,50,78,105,139,150,178,182,212,,,,,,,,,,
Moolack South,44.7038,-124.0617,1.5,44.70382,44.71277,-124.06302,-124.06126,1.00429,1,692.85,693.86,0.1,692.2,693.7,0.933,7,0,0,0,1,18,1,0,,,,,,,,,,,,,,1,2,44,76,123,166,200,,,,,,,,,,,,,
Beverly Beach Campground North,44.7377,-124.0568,0.91,44.73079,44.7398,-124.05977,-124.05923,1.00231,1,695.87,696.87,0.8,696.2,697.1,0.9527,8,0,0,0,1,1,7,0,0,,,,,,,,,,,,,1,18,47,79,109,144,172,200,,,,,,,,,,,,
Devil's Punchbowl South,44.7466,-124.0635,1.11,44.7398,44.74741,-124.05923,-124.06604,1.00273,0.789,696.87,697.87,0.8,697.1,698.3,0.9547,8,0,0,2,2,40,0,0,0,,,,,,,,,,,,,1,35,63,94,125,154,188,210,,,,,,,,,,,,
Devil's Punchbowl N,44.7514,-124.0647,0.41,44.74741,44.7564,-124.06604,-124.06485,1.00352,0.658,697.87,698.87,0.5,698.3,698.71,0.9096,6,0,5,0,0,0,0,,,,,,,,,,,,,,,1,79,105,142,170,200,,,,,,,,,,,,,,
Coronado Shores,44.8639,-124.0429,1,44.86321,44.8721,-124.04336,-124.04123,1.00209,1,711.89,712.9,0.1,712.3,713.3,0.9208,7,0,0,2,0,0,0,0,,,,,,,,,,,,,,1,43,71,119,148,175,208,,,,,,,,,,,,,
Salishan Spit South,44.8938,-124.034,1.15,44.88979,44.89865,-124.03607,-124.03347,1.00545,1,714.9,715.91,0.5,714.8,716,0.9083,5,0,0,8,1,0,,,,,,,,,,,,,,,,1,33,119,158,182,,,,,,,,,,,,,,,
Salishan Spit,44.9197,-124.0281,1,44.91647,44.92523,-124.02921,-124.02621,1.00211,0.985,717.92,718.92,0.4,717.8,718.8,0.9573,4,0,2,17,1,,,,,,,,,,,,,,,,,1,107,142,206,,,,,,,,,,,,,,,,
OR Mile 241,44.9453,-124.0238,1.6,44.94322,44.95216,-124.02464,-124.0228,1.00524,1,720.93,721.93,0.2,720.4,722,0.9179,8,0,0,1,9,27,14,2,0,,,,,,,,,,,,,1,30,61,92,119,148,182,201,,,,,,,,,,,,
Delake,44.9596,-124.0209,1.8,44.95216,44.96114,-124.0228,-124.02113,1.00679,1,721.93,722.94,0.8,722,723.8,0.868,7,0,0,0,6,126,3,0,,,,,,,,,,,,,,1,15,41,70,147,170,209,,,,,,,,,,,,,
OR Mile 243,44.9755,-124.017,1.6,44.96997,44.97889,-124.01866,-124.01684,1.00149,1,723.94,724.94,0.6,723.8,725.4,0.9261,4,0,0,2,2,,,,,,,,,,,,,,,,,1,7,70,192,,,,,,,,,,,,,,,,
Roads End South,44.998,-124.012,1.2,44.99675,45.00555,-124.01347,-124.0108,1.0007,1,726.95,727.95,0.2,726.5,727.7,0.9731,6,0,0,3,128,2,1,,,,,,,,,,,,,,,1,16,69,116,150,178,,,,,,,,,,,,,,
Roads End,45.0088,-124.0095,1,45.00555,45.01458,-124.0108,-124.00962,1.00783,1,727.95,728.96,0.4,727.8,728.8,0.8688,7,0,7,5,1,149,0,0,,,,,,,,,,,,,,1,58,95,109,115,170,213,,,,,,,,,,,,,
Salmon River,45.0348,-124.0079,2,45.03314,45.04188,-124.01012,-124.00704,1.00176,0.758,731.02,732.02,0.3,730.3,732.3,0.9269,7,0,0,0,3,5,1,83,,,,,,,,,,,,,,1,3,33,62,77,108,151,,,,,,,,,,,,,
OR Mile 254,45.1063,-123.9852,1.6,45.10702,45.11591,-123.98592,-123.98348,1.0066,1,740.29,741.3,0.1,739.6,741.2,0.9137,7,0,0,8,35,29,0,0,,,,,,,,,,,,,,1,28,70,118,149,174,203,,,,,,,,,,,,,
OR Mile 255,45.125,-123.9796,1.6,45.12474,45.13365,-123.98085,-123.97846,1.00833,1,742.3,743.31,0.1,741.6,743.2,0.9487,8,0,0,7,0,117,45,0,0,,,,,,,,,,,,,1,25,58,88,118,148,179,206,,,,,,,,,,,,
North Bob Straub,45.1927,-123.9687,1.1,45.18773,45.19673,-123.97001,-123.96952,1.0013,1,749.37,750.37,0.6,749.4,750.5,0.9054,5,0,0,4,34,0,,,,,,,,,,,,,,,,1,26,58,130,179,,,,,,,,,,,,,,,
Bob Straub State Prk,45.1975,-123.9688,1.6,45.19673,45.20574,-123.96952,-123.96977,1.00195,1,750.37,751.37,0.1,750.5,752.1,0.9161,8,0,0,0,7,51,0,3,0,,,,,,,,,,,,,1,18,47,81,99,131,167,193,,,,,,,,,,,,
McPhillips Beach,45.2337,-123.9711,1.2,45.23221,45.24112,-123.97325,-123.9714,1.00054,1,754.38,755.38,0.2,754,755.2,0.929,8,0,0,1,36,0,137,2,1,,,,,,,,,,,,,1,16,34,69,106,131,165,187,,,,,,,,,,,,
Tierra Del Mar N,45.2549,-123.9671,2.1,45.25015,45.25912,-123.96965,-123.9685,1.00179,1,756.4,757.4,0.6,755.9,758,0.9337,8,0,0,5,39,12,16,0,0,,,,,,,,,,,,,1,31,67,118,144,154,172,201,,,,,,,,,,,,
Cape Lookout,45.3582,-123.9726,1.2,45.3553,45.36419,-123.97351,-123.97145,1.00151,1,771.51,772.51,0.3,771.2,772.4,0.8908,9,0,0,0,2,1,30,0,0,0,,,,,,,,,,,,1,11,40,78,106,126,170,194,211,,,,,,,,,,,
Happy Camp Rd North,45.44,-123.9555,1,45.43608,45.44482,-123.96303,-123.96615,1.00219,0.237,780.57,781.57,0.7,780.8,781.8,0.8914,6,0,0,0,0,94,0,,,,,,,,,,,,,,,1,22,49,99,153,187,,,,,,,,,,,,,,
Oceanside,45.462,-123.972,1,45.45365,45.46203,-123.96936,-123.97441,1.01169,1,782.58,783.59,0.9,783,784,0.9367,7,0,0,1,25,0,0,0,,,,,,,,,,,,,,1,62,92,121,148,179,204,,,,,,,,,,,,,
OR Mile 285,45.4942,-123.9657,1.61,45.49363,45.49963,-123.97112,-123.96141,1.00886,0.737,787.61,788.62,0.4,787.2,788.8,0.9009,6,0,0,0,50,0,0,,,,,,,,,,,,,,,1,22,42,113,169,190,,,,,,,,,,,,,,
OR Mile 286,45.5227,-123.9548,1.6,45.5177,45.52672,-123.95598,-123.95462,1.00848,1,790.67,791.68,0.6,790.4,792,0.9686,15,0,0,0,0,0,12,23,8,13,114,111,63,3,2,0,,,,,,1,4,17,34,48,66,77,94,106,120,144,154,174,187,201,,,,,
OR Mile 287,45.5404,-123.9514,1.64,45.5357,45.54472,-123.95312,-123.9522,1.00505,1,792.68,793.69,0.5,792.4,794,0.9666,9,0,0,0,15,25,6,143,7,0,,,,,,,,,,,,1,12,47,70,79,105,142,173,201,,,,,,,,,,,
Nehalem Bay SP,45.6578,-123.941,1.7,45.65079,45.65981,-123.94279,-123.9438,1.00551,0.745,805.74,806.75,0.8,805.7,807.4,0.8596,11,0,0,0,1,15,1,5,0,0,0,0,,,,,,,,,,1,28,56,86,121,130,142,170,182,185,204,,,,,,,,,
Neahkanie N OWSP,45.7285,-123.9443,1.8,45.72302,45.73197,-123.94576,-123.94759,1.00515,1,813.79,814.8,0.6,813.5,815.3,0.9603,8,0,0,1,3,164,5,0,0,,,,,,,,,,,,,1,16,62,92,118,148,182,202,,,,,,,,,,,,
OR Mile 300,45.7286,-123.944,1.6,45.72302,45.73197,-123.94576,-123.94759,1.00515,1,813.79,814.8,0.6,815.3,816.9,0.9165,8,0,0,0,1,1,0,0,0,,,,,,,,,,,,,1,27,60,86,105,143,178,210,,,,,,,,,,,,
OR Mile 309,45.8031,-123.9672,1.6,45.79421,45.80356,-123.96918,-123.96882,1.04016,1,822.83,823.87,1,823,824.6,0.9584,7,0,9,5,49,30,3,1,,,,,,,,,,,,,,1,70,111,124,148,176,206,,,,,,,,,,,,,
Arcadia Beach,45.8477,-123.9617,0.8,45.8396,45.84861,-123.96392,-123.96405,1.002,1,827.9,828.9,0.9,828.4,829.2,0.9163,6,0,0,5,2,0,0,,,,,,,,,,,,,,,1,28,64,108,170,208,,,,,,,,,,,,,,
OR Mile 313 S,45.8727,-123.9619,0.78,45.86646,45.8755,-123.96498,-123.9658,1.00692,1,830.91,831.92,0.7,832.4,833.18,0.952,5,0,143,0,1,0,,,,,,,,,,,,,,,,1,122,151,178,208,,,,,,,,,,,,,,,
OR Mile 313 N,45.8865,-123.9642,0.78,45.8844,45.89346,-123.96796,-123.96786,1.00739,1,832.92,833.93,0.4,833.18,833.96,0.9471,4,0,10,7,0,,,,,,,,,,,,,,,,,1,108,165,191,,,,,,,,,,,,,,,,
Gearhart Beach,46.0309,-123.9308,1.6,46.02589,46.03888,-123.9307,-123.93139,1.44596,1,851.57,853.02,0.6,851.3,852.9,0.9425,4,0,25,5,2,,,,,,,,,,,,,,,,,1,131,158,190,,,,,,,,,,,,,,,,
OR Mile 327,46.0436,-123.9307,1.6,46.03888,46.05131,-123.93139,-123.93243,1.38427,1,853.02,854.4,0.5,852.9,854.5,0.9343,8,0,0,1,9,1,16,5,3,,,,,,,,,,,,,1,14,42,84,112,141,170,191,,,,,,,,,,,,
Sunset Road,46.0986,-123.9424,1.1,46.09773,46.10651,-123.94307,-123.94626,1.00718,1,859.63,860.64,0.1,859.2,860.3,0.9451,8,0,2,10,0,105,21,3,0,,,,,,,,,,,,,1,28,62,90,120,148,182,208,,,,,,,,,,,,
Delaura Rd S,46.1401,-123.9601,1.3,46.14183,46.15043,-123.96152,-123.96556,1.00591,1,864.74,865.75,0.2,864.3,865.6,0.9113,5,0,0,6,7,0,,,,,,,,,,,,,,,,1,21,63,136,170,,,,,,,,,,,,,,,
Peter Iredale N,46.178,-123.98,2.4,46.1686,46.17769,-123.9754,-123.98053,1.08517,1,867.9,868.99,1.1,867.8,870.2,0.9314,5,0,0,0,543,0,,,,,,,,,,,,,,,,1,20,94,118,142,,,,,,,,,,,,,,,
Cranberry Rd North,46.3953,-124.0617,1,46.38481,46.39673,-124.06376,-124.06322,1.32515,1,894.77,896.1,1.2,895.5,896.5,0.9262,4,0,0,1,0,,,,,,,,,,,,,,,,,1,31,92,206,,,,,,,,,,,,,,,,
Long Beach - 143rd N,46.4067,-124.0607,1.8,46.39673,46.41084,-124.06322,-124.06285,1.56984,1,896.1,897.67,1.1,896.5,898.3,0.9567,7,0,0,0,0,22,0,0,,,,,,,,,,,,,,1,15,51,92,121,143,200,,,,,,,,,,,,,
Klipsan Beach,46.4649,-124.0596,1.9,46.45627,46.46539,-124.06124,-124.06086,1.01455,1,902.73,903.75,1,902.8,904.7,0.9383,5,0,39,35,1,0,,,,,,,,,,,,,,,,1,124,147,177,208,,,,,,,,,,,,,,,
Ocean Park-South,46.4771,-124.0595,1.6,46.47446,46.4836,-124.06052,-124.06061,1.01685,1,904.76,905.77,0.3,904.7,906.3,0.8759,8,0,0,0,30,6,7,0,0,,,,,,,,,,,,,1,20,43,76,105,142,170,200,,,,,,,,,,,,
Ocean Park Middle,46.5049,-124.0594,1.6,46.50181,46.511,-124.06119,-124.06134,1.02136,1,907.8,908.82,0.4,906.3,907.9,0.865,7,0,0,12,27,70,0,0,,,,,,,,,,,,,,1,30,58,106,145,176,204,,,,,,,,,,,,,
Ocean Park-North,46.5049,-124.0594,2.7,46.50181,46.511,-124.06119,-124.06134,1.02136,1,907.8,908.82,0.4,907.9,910.6,0.8777,14,0,0,0,0,0,0,0,0,3,16,0,0,0,0,,,,,,,1,9,23,38,52,66,80,100,117,132,157,177,191,205,,,,,,
South Surfside,46.5302,-124.0603,1.6,46.52909,46.53826,-124.0622,-124.06276,1.02065,1,910.83,911.85,0.2,910.6,912.2,0.9075,5,0,0,15,4,0,,,,,,,,,,,,,,,,1,31,74,131,165,,,,,,,,,,,,,,,
North Surfside,46.5481,-124.062,1.5,46.54745,46.5565,-124.06292,-124.06347,1.00616,1,912.88,913.88,0.1,912.2,913.7,0.9589,7,0,0,1,142,12,0,0,,,,,,,,,,,,,,1,37,92,123,152,176,210,,,,,,,,,,,,,
Jacobsen Jetty North ,46.7356,-124.0593,1.6,46.72992,46.7347,-124.0614,-124.07262,1.00727,1,939.41,940.42,0.7,939.3,940.9,0.9209,8,0,0,0,1,0,0,0,0,,,,,,,,,,,,,1,13,34,66,93,132,156,187,,,,,,,,,,,,
Warrenton Cannery Rd North,46.7463,-124.0934,1.3,46.746,46.75365,-124.09294,-124.10009,1.00999,1,942.48,943.49,0,942.85,944.15,0.9004,8,0,0,0,0,0,18,0,0,,,,,,,,,,,,,1,11,43,72,104,136,165,206,,,,,,,,,,,,
Midway Beach,46.7586,-124.1025,1.1,46.75365,46.76174,-124.10009,-124.10623,1.01339,1,943.49,944.51,0.6,944.15,945.25,0.9259,5,0,0,0,0,6,,,,,,,,,,,,,,,,1,29,60,90,122,,,,,,,,,,,,,,,
Grayland South,46.8095,-124.1008,1.15,46.80688,46.81583,-124.10472,-124.10628,1.00228,1,949.55,950.56,0.4,949.4,950.55,0.8856,5,0,0,43,0,0,,,,,,,,,,,,,,,,1,47,134,169,185,,,,,,,,,,,,,,,
Grayland North,46.8232,-124.1043,1.2,46.81583,46.82479,-124.10628,-124.10809,1.00586,1,950.56,951.56,0.8,950.55,951.75,0.89,6,0,4,1,114,0,0,,,,,,,,,,,,,,,1,58,92,122,183,204,,,,,,,,,,,,,,
Salt Aire North,46.8232,-124.1043,1.6,46.81583,46.82479,-124.10628,-124.10809,1.00586,1,950.56,951.56,0.8,951.75,953.35,0.9503,8,0,0,2,8,2,131,28,2,,,,,,,,,,,,,1,17,55,75,99,144,169,200,,,,,,,,,,,,
Bonge South,46.8492,-124.1121,1.4,46.8426,46.85141,-124.11229,-124.11507,1.00189,1,953.57,954.57,0.7,953.6,955,0.9194,7,0,0,0,0,2,0,0,,,,,,,,,,,,,,1,10,23,37,79,105,194,,,,,,,,,,,,,
Twin Harbors State Park,46.8587,-124.115,1.07,46.85141,46.86024,-124.11507,-124.11791,1.00567,1,954.57,955.58,0.8,955,956.07,0.9078,5,0,0,0,133,0,,,,,,,,,,,,,,,,1,28,105,122,196,,,,,,,,,,,,,,,
Dune Beach,46.8864,-124.1272,1.46,46.87788,46.88674,-124.12415,-124.12714,1.0114,1,957.59,958.6,1,957.6,959.06,0.882,10,0,0,0,4,0,13,7,0,0,0,,,,,,,,,,,1,10,37,60,95,121,137,177,191,213,,,,,,,,,,
Westhaven,46.8867,-124.1269,2,46.87788,46.88674,-124.12415,-124.12714,1.0114,1,957.59,958.6,1,959.06,961.06,0.9023,7,0,0,0,0,17,0,0,,,,,,,,,,,,,,1,28,57,90,121,142,211,,,,,,,,,,,,,
North Jetty,46.9278,-124.1739,0.98,46.92759,46.93664,-124.17625,-124.17573,1.00687,1,964.98,965.98,0.2,964.7,965.68,0.9259,7,0,0,0,0,0,0,0,,,,,,,,,,,,,,1,27,42,80,105,144,182,,,,,,,,,,,,,
Marine View Drive,46.9526,-124.1749,1.9,46.94569,46.95472,-124.17643,-124.17657,1.0041,1,966.99,967.99,0.8,966.8,968.7,0.9691,5,0,9,1,6,0,,,,,,,,,,,,,,,,1,60,91,122,212,,,,,,,,,,,,,,,
South Butter Clam,46.9627,-124.1737,1.2,46.95472,46.96439,-124.17657,-124.17603,1.07573,1,967.99,969.07,0.9,968.7,969.9,0.9485,8,0,0,0,1,28,10,1,0,,,,,,,,,,,,,1,26,42,81,118,143,176,209,,,,,,,,,,,,
South Taurus,46.9722,-124.1729,1.1,46.96439,46.9734,-124.17603,-124.17577,1.00245,1,969.07,970.07,0.9,969.9,971,0.8942,7,0,0,0,2,6,9,5,,,,,,,,,,,,,,1,28,42,84,121,152,176,,,,,,,,,,,,,
South Pacific,46.9939,-124.1728,1.15,46.99323,47.00222,-124.17546,-124.17521,1.00012,1,972.28,973.28,0.2,972.25,973.4,0.9397,8,0,0,0,3,0,37,7,0,,,,,,,,,,,,,1,24,43,82,109,137,178,201,,,,,,,,,,,,
South Chance,47.0071,-124.1724,1.48,47.00222,47.01127,-124.17521,-124.1752,1.00566,1,973.28,974.28,0.6,973.4,974.88,0.9259,5,0,0,0,4,0,,,,,,,,,,,,,,,,1,29,42,73,208,,,,,,,,,,,,,,,
South Damon,47.0175,-124.1728,1.14,47.01127,47.02032,-124.1752,-124.17571,1.00684,1,974.28,975.29,0.7,974.88,976.02,0.9259,5,0,0,0,0,0,,,,,,,,,,,,,,,,1,29,43,86,175,,,,,,,,,,,,,,,
Damon North,47.0326,-124.1732,1.67,47.02936,47.03845,-124.17577,-124.17585,1.01004,1,976.3,977.31,0.4,976.02,977.69,0.9409,8,0,0,0,9,2,102,2,0,,,,,,,,,,,,,1,12,43,74,107,137,171,200,,,,,,,,,,,,
Ocean City State Park N,47.0335,-124.1734,1.87,47.02936,47.03845,-124.17577,-124.17585,1.01004,1,976.3,977.31,0.5,977.69,979.56,0.9484,6,0,0,0,6,21,0,,,,,,,,,,,,,,,1,9,40,72,164,195,,,,,,,,,,,,,,
Jake's Beach,47.0504,-124.1744,1.13,47.04746,47.05646,-124.17651,-124.17678,1.00097,1,978.31,979.31,0.4,979.56,980.69,0.9547,8,0,0,1,0,82,5,0,0,,,,,,,,,,,,,1,19,60,92,120,152,182,209,,,,,,,,,,,,
Ocean City South,47.0703,-124.1762,2.2,47.06549,47.07448,-124.17774,-124.17868,1.0029,1,980.32,981.32,0.5,980.69,982.89,0.8988,6,0,6,5,35,1,0,,,,,,,,,,,,,,,1,72,105,142,176,210,,,,,,,,,,,,,,
Ocean City,47.0701,-124.1758,0.8,47.06549,47.07448,-124.17774,-124.17868,1.0029,1,980.32,981.32,0.5,982.89,983.69,0.9249,7,0,0,0,7,16,2,0,,,,,,,,,,,,,,1,9,57,72,142,178,199,,,,,,,,,,,,,
Heath South,47.1112,-124.1834,0.8,47.11042,47.11994,-124.18393,-124.18532,1.0628,1,985.34,986.4,0.1,985,985.8,0.9297,4,0,87,16,0,,,,,,,,,,,,,,,,,1,131,151,213,,,,,,,,,,,,,,,,
Griffiths Priday State Park,47.1378,-124.1855,2.69,47.12891,47.13786,-124.18727,-124.18952,1.00925,1,987.41,988.42,1,987.1,989.8,0.9214,7,0,0,0,62,10,1,0,,,,,,,,,,,,,,1,28,57,121,142,182,211,,,,,,,,,,,,,
Copalis Rocks,47.1387,-124.1853,2.4,47.13786,47.14667,-124.18952,-124.19244,1.00458,1,988.42,989.42,0.3,989.8,992.2,0.9418,8,0,0,0,5,3,14,4,0,,,,,,,,,,,,,1,12,55,69,104,138,182,198,,,,,,,,,,,,
Roosevelt North,47.1755,-124.1969,1.2,47.17382,47.18268,-124.19953,-124.20212,1.00519,1,992.49,993.49,0.3,994,995.2,0.9525,7,0,0,4,3,109,31,0,,,,,,,,,,,,,,1,34,58,85,126,156,205,,,,,,,,,,,,,
Haskin North,47.2032,-124.2035,0.8,47.20038,47.20924,-124.20763,-124.21005,1.00221,1,995.5,996.51,0.4,995.5,996.3,0.9099,5,0,3,0,73,0,,,,,,,,,,,,,,,,1,57,92,118,213,,,,,,,,,,,,,,,
Pacific Beach,47.2193,-124.2097,1.4,47.21805,47.22735,-124.21274,-124.21719,1.08766,1,997.51,998.59,0.3,997.1,998.5,0.9793,8,0,0,2,5,418,0,1,2,,,,,,,,,,,,,1,17,69,85,119,149,170,203,,,,,,,,,,,,
Moclips Beach,47.2283,-124.2133,1.1,47.22735,47.23601,-124.21719,-124.22117,1.00864,1,998.59,999.6,0.3,998.5,999.6,0.8923,20,0,0,0,0,0,0,1,0,7,0,0,0,180,0,0,0,0,0,0,0,1,6,16,23,34,43,55,62,77,88,99,105,121,143,153,163,177,192,200,209
South Beach Spit,47.5662,-124.3617,1,47.558,47.56712,-124.3605,-124.36228,1.02264,1,1038.76,1039.79,0.9,1039.2,1040.2,0.9091,7,0,0,1,0,4,0,0,,,,,,,,,,,,,,1,16,76,95,137,168,195,,,,,,,,,,,,,
Beach 1,47.5833,-124.366,1.4,47.57601,47.58489,-124.36447,-124.36684,1.00328,1,1040.79,1041.79,0.8,1040.9,1042.3,0.9259,7,0,0,0,0,0,0,0,,,,,,,,,,,,,,1,15,84,121,148,176,213,,,,,,,,,,,,,
Beach 2,47.5924,-124.3687,1.5,47.58489,47.5965,-124.36684,-124.37084,1.32566,1,1041.79,1043.12,0.9,1042.3,1043.8,0.9108,8,0,0,0,0,3,1,0,0,,,,,,,,,,,,,1,15,77,84,121,148,176,213,,,,,,,,,,,,
Kalaloch South,47.6055,-124.3743,1.6,47.6051,47.61397,-124.37492,-124.37752,1.00547,1,1044.12,1045.13,0.1,1043.8,1045.4,0.9259,8,0,0,0,0,0,0,0,0,,,,,,,,,,,,,1,15,45,78,94,136,177,204,,,,,,,,,,,,
Kalaloch North,47.6175,-124.3777,1.1,47.61397,47.62285,-124.37752,-124.37975,1.00176,1,1045.13,1046.13,0.4,1045.4,1046.5,0.911,8,0,1,0,1,0,2,0,0,,,,,,,,,,,,,1,15,45,78,94,136,177,204,,,,,,,,,,,,
Sanctuary Beach,47.65,-124.3889,1.8,47.64919,47.6578,-124.38858,-124.39246,1.00049,1,1049.14,1050.14,0.1,1048.3,1050.1,0.9188,5,0,0,0,8,0,,,,,,,,,,,,,,,,1,22,50,120,175,,,,,,,,,,,,,,,
Beach 3,47.6503,-124.3889,1.1,47.64919,47.6578,-124.38858,-124.39246,1.00049,1,1049.14,1050.14,0.1,1050.1,1051.2,0.9214,5,0,0,0,4,0,,,,,,,,,,,,,,,,1,22,50,120,175,,,,,,,,,,,,,,,
Steamboat Creek S,47.665,-124.3956,1.8,47.6578,47.66638,-124.39246,-124.39648,1.00013,1,1050.14,1051.14,0.8,1051.2,1053,0.9367,6,0,0,0,16,2,0,,,,,,,,,,,,,,,1,30,53,122,149,179,,,,,,,,,,,,,,
Steamboat Creek N,47.6794,-124.4045,1.4,47.67476,47.68293,-124.40139,-124.40697,1.00049,1,1052.14,1053.14,0.6,1053,1054.4,0.8956,6,0,0,0,20,0,0,,,,,,,,,,,,,,,1,30,53,122,149,179,,,,,,,,,,,,,,
Ruby Caves South,47.6915,-124.4115,1.5,47.69147,47.70032,-124.41134,-124.41377,1.00111,1,1054.14,1055.14,0,1054.4,1055.9,0.9259,6,0,0,0,0,0,1,,,,,,,,,,,,,,,1,11,38,66,96,180,,,,,,,,,,,,,,
Ruby South,47.7046,-124.4151,0.85,47.70032,47.70925,-124.41377,-124.41566,1.00324,1,1055.14,1056.15,0.5,1055.9,1056.75,0.9638,8,0,0,0,0,0,1,0,0,,,,,,,,,,,,,1,11,41,80,109,139,169,205,,,,,,,,,,,,
Abbey Island,47.712,-124.4165,2.1,47.70925,47.71803,-124.41566,-124.41873,1.00277,1,1056.15,1057.15,0.3,1056.8,1058.9,0.9127,8,0,2,0,1,0,0,0,0,,,,,,,,,,,,,1,15,40,69,98,139,170,204,,,,,,,,,,,,
Ruby North,47.7149,-124.4187,0.37,47.70925,47.71803,-124.41566,-124.41873,1.00277,1,1056.15,1057.15,0.7,1058.9,1059.27,0.9215,8,0,0,0,1,0,0,0,0,,,,,,,,,,,,,1,15,40,69,98,139,170,204,,,,,,,,,,,,
Mosquito Creek,47.8193,-124.4966,2.7,47.82055,47.82447,-124.49419,-124.50628,1.00215,1,1071.19,1072.19,0.2,1070.1,1072.8,0.9221,8,0,0,0,0,0,1,0,0,,,,,,,,,,,,,1,7,36,69,106,133,169,190,,,,,,,,,,,,
Goodman Creek,47.8236,-124.5107,1.3,47.82447,47.82666,-124.50628,-124.51933,1.00479,0.317,1072.19,1073.19,0.3,1072.8,1074.1,0.9259,8,0,0,0,0,0,0,0,0,,,,,,,,,,,,,1,7,36,69,106,133,169,190,,,,,,,,,,,,
Third Beach,47.874,-124.5783,1.6,47.86869,47.87622,-124.57509,-124.58252,1.00394,0.404,1080.24,1081.24,0.6,1080.1,1081.7,0.9259,7,0,0,0,0,0,0,0,,,,,,,,,,,,,,1,24,57,78,106,154,200,,,,,,,,,,,,,
Second Beach,47.892,-124.6287,2.4,47.89033,47.89916,-124.62687,-124.6296,1.00314,0.512,1085.26,1086.26,0.2,1084.3,1086.7,0.918,7,0,0,0,2,0,0,0,,,,,,,,,,,,,,1,28,60,73,95,148,211,,,,,,,,,,,,,
Ellen Creek,47.9205,-124.639,1.4,47.91563,47.92463,-124.63897,-124.64006,1.00473,1,1088.28,1089.28,0.5,1088.1,1089.5,0.9174,8,0,0,0,0,12,2,0,0,,,,,,,,,,,,,1,13,79,109,130,130,177,199,,,,,,,,,,,,
Rialto Jetty,47.9204,-124.6389,1.1,47.91563,47.92463,-124.63897,-124.64006,1.00473,1,1088.28,1089.28,0.5,1089.5,1090.6,0.8923,10,0,0,0,0,0,12,0,0,0,0,,,,,,,,,,,1,29,60,91,118,130,148,177,199,210,,,,,,,,,,
Hole in the Wall,47.9322,-124.643,1.2,47.92463,47.9333,-124.64006,-124.6437,1.00076,1,1089.28,1090.28,0.9,1090.6,1091.8,0.9259,4,0,0,0,0,,,,,,,,,,,,,,,,,1,13,79,199,,,,,,,,,,,,,,,,
Norwegian Memorial,48.0366,-124.6819,1.9,48.02869,48.03769,-124.68271,-124.68233,1.00149,1,1102.3,1103.3,0.9,1102.2,1104.1,0.8773,8,0,0,0,1,48,1,2,0,,,,,,,,,,,,,1,17,50,91,120,148,183,210,,,,,,,,,,,,
Duk Point,48.2091,-124.6928,1.48,48.20746,48.21633,-124.6932,-124.6908,1.00168,1,1124.35,1125.36,0.2,1123.8,1125.3,0.882,8,0,0,0,0,52,1,0,0,,,,,,,,,,,,,1,23,45,88,122,152,187,212,,,,,,,,,,,,
Shi Shi Beach,48.2786,-124.6811,4,48.27323,48.28186,-124.68031,-124.68422,1.00253,0.802,1132.37,1133.37,0.6,1130,1134,0.9454,10,0,0,1,5,1,186,1,0,5,0,,,,,,,,,,,1,2,40,76,84,120,153,170,176,209,,,,,,,,,,
Tsoo-Yess South,48.3112,-124.662,2,48.31087,48.31928,-124.66247,-124.6673,1.00139,1,1134,1136,0,1135,1137,0.9472,7,0,1,0,16,164,0,0,,,,,,,,,,,,,,1,27,60,113,148,176,206,,,,,,,,,,,,,
Tsoo-Yess North,48.3112,-124.662,2,48.31087,48.31928,-124.66247,-124.6673,1.00139,1,1136,1138,0,1137,1139,0.9577,8,0,0,0,8,1,199,11,1,,,,,,,,,,,,,1,2,44,69,105,125,170,183,,,,,,,,,,,,
Hobuck Beach,48.3429,-124.676,2,48.34089,48.33944,-124.67138,-124.68473,1.0003,1,1141.39,1142.39,0.4,1140,1142,0.9268,8,0,0,0,1,1,171,3,2,,,,,,,,,,,,,1,19,54,84,110,143,175,194,,,,,,,,,,,,
Wa-atch,48.3439,-124.6763,0.9,48.34089,48.33944,-124.67138,-124.68473,1.0003,1,1141.39,1142.39,0.5,1142,1142.9,0.914,8,0,0,0,0,3,0,0,0,,,,,,,,,,,,,1,28,58,78,121,139,182,208,,,,,,,,,,,,
